participant_id,wave_month,examination_stress,academic_pressure,homework_burden,school_climate,bullying_exposure,harsh_discipline,educational_aspirations,fear_of_failure,teacher_support,counselling_access,household_assets,food_insecurity,economic_strain,employment_pressure,financial_stress,digital_access,household_instability,internalised_stigma,community_stigma,family_stigma,school_stigma,mental_health_literacy,help_seeking_intention,help_seeking_behaviour,awareness_of_services,resilience_score,social_support,family_connectedness,peer_support,community_connectedness,religious_support,school_belonging
NEPS-GHA-0001,6,6.4,0.3,2.8,Supportive,Verbal,Never,University,5.9,0.3,Yes,6,Mild,5.1,,5.6,,Stable,4.5,2.8,8.7,7.6,3.2,Maybe,Religious,Some,15.5,19.1,6.7,1.9,1.9,16.9,12.1
NEPS-GHA-0001,12,8.1,7.3,5.4,Neutral,,Sometimes,Employment,5.8,7.0,Yes,7,Moderate,9.9,Family expects,8.7,,Some instability,4.5,8.3,1.6,3.6,13.4,No,Professional,,63.5,10.7,4.9,9.2,5.4,18.5,13.8
NEPS-GHA-0001,18,2.2,3.2,7.7,Supportive,Verbal,Never,Employment,4.0,0.7,Don't know,10,Mild,6.6,Financial need,8.8,,Stable,2.6,2.5,5.6,2.6,11.7,No,,Some,21.9,20.0,10.2,1.8,0.9,2.2,12.5
NEPS-GHA-0001,24,7.9,4.2,0.6,Neutral,Multiple,Often,Employment,9.7,8.6,Yes,3,Moderate,7.7,Self pressure,1.1,,Stable,4.5,9.5,8.8,2.6,10.0,Yes,Professional,,29.8,12.8,12.2,3.1,15.3,10.8,15.6
NEPS-GHA-0002,6,5.3,0.0,3.2,Supportive,,Sometimes,Employment,2.4,2.4,Don't know,2,,7.3,,9.8,Basic phone,Stable,6.6,9.5,1.7,5.3,12.1,Yes,Informal,,31.2,19.9,13.0,8.8,10.4,2.4,4.5
NEPS-GHA-0002,12,3.4,5.9,2.3,Supportive,,Never,University,2.3,9.1,No,2,Mild,2.8,Financial need,2.1,Basic phone,Highly unstable,9.4,5.7,4.7,7.8,16.1,Yes,Professional,Good,65.9,7.1,8.2,17.3,1.1,13.1,12.9
NEPS-GHA-0002,18,0.6,7.3,8.0,Supportive,Verbal,Rarely,Vocational,5.4,1.4,Yes,8,Severe,2.5,,4.4,Smartphone,Stable,6.5,5.4,0.1,0.9,15.1,Yes,Informal,Some,48.6,4.3,8.0,1.2,7.6,19.7,5.3
NEPS-GHA-0002,24,7.8,4.6,4.2,Hostile,Multiple,Often,Vocational,1.9,2.2,Yes,18,,7.5,,0.5,,Highly unstable,9.2,5.3,0.6,5.1,17.0,Yes,Professional,,86.2,8.1,18.8,11.4,11.6,0.8,1.6
NEPS-GHA-0003,6,6.6,5.7,3.2,Neutral,Verbal,Sometimes,Vocational,2.7,1.3,Don't know,9,Severe,3.2,,0.1,Smartphone,Stable,5.4,5.1,1.3,3.5,1.4,Yes,Religious,Some,15.8,16.7,14.1,12.2,19.7,13.1,0.2
NEPS-GHA-0003,12,8.2,3.0,6.6,Supportive,Physical,Never,University,7.4,1.6,No,19,Mild,7.2,Family expects,6.9,Shared,Highly unstable,4.9,9.1,8.5,0.9,8.5,Maybe,Professional,Good,33.4,2.6,19.6,3.2,8.8,14.1,11.2
NEPS-GHA-0003,18,1.1,9.5,6.9,Supportive,Multiple,Never,Employment,5.8,1.5,Yes,1,Moderate,3.6,,9.0,Basic phone,Highly unstable,2.5,1.0,7.8,8.8,8.1,No,Informal,Good,86.5,19.5,16.2,17.6,0.5,14.7,6.6
NEPS-GHA-0003,24,9.3,8.0,8.6,Supportive,Physical,Rarely,University,3.8,0.4,No,7,Mild,8.2,Financial need,3.5,Basic phone,Stable,0.2,1.9,3.3,8.6,19.3,Maybe,Religious,,50.9,13.6,16.9,6.6,0.6,17.5,5.2
NEPS-GHA-0004,6,5.8,9.8,0.4,Hostile,Cyber,Sometimes,Employment,4.4,9.8,Yes,12,Mild,2.5,Financial need,0.0,Basic phone,Some instability,4.3,9.5,9.2,6.2,13.3,Yes,Religious,,30.9,8.2,8.0,5.9,2.5,8.4,18.8
NEPS-GHA-0004,12,6.8,9.0,6.2,Neutral,Cyber,Never,Employment,2.9,4.3,Don't know,19,Moderate,4.6,Financial need,6.8,,Highly unstable,1.7,0.8,5.2,6.3,6.7,Yes,Religious,Good,80.7,2.9,0.9,19.7,12.2,15.4,9.1
NEPS-GHA-0004,18,8.9,5.8,7.2,Neutral,Cyber,Often,Vocational,1.5,6.9,Yes,13,Mild,1.8,Financial need,0.5,Basic phone,Stable,4.6,8.0,6.7,9.9,11.9,Maybe,,,44.6,3.2,17.2,9.0,15.0,16.8,5.5
NEPS-GHA-0004,24,7.8,4.8,2.4,Neutral,,Sometimes,Vocational,2.7,3.2,Don't know,2,Mild,1.5,Financial need,6.9,Basic phone,Stable,4.1,3.3,4.7,0.6,16.7,Maybe,Professional,,38.0,0.1,7.0,15.1,17.1,19.1,8.4
NEPS-GHA-0005,6,7.5,5.5,6.0,Supportive,Cyber,Rarely,Employment,4.4,0.3,No,12,Mild,8.4,Family expects,9.8,Smartphone,Some instability,5.9,6.6,0.8,4.3,17.3,Yes,Professional,Some,37.9,4.2,6.5,15.2,7.6,15.0,16.6
NEPS-GHA-0005,12,2.5,0.8,0.2,Hostile,,Sometimes,Vocational,6.5,7.8,Don't know,1,,9.5,Family expects,8.4,Basic phone,Stable,1.3,6.7,5.6,2.2,14.0,Maybe,Informal,,60.7,15.0,2.3,16.4,19.3,2.2,0.5
NEPS-GHA-0005,18,3.1,6.8,9.6,Neutral,Verbal,Never,Vocational,1.0,7.7,Don't know,19,,8.0,,3.5,,Highly unstable,3.7,5.1,3.4,8.5,16.4,Yes,,Some,63.6,16.6,14.1,8.7,14.7,19.3,5.4
NEPS-GHA-0005,24,8.1,5.4,4.8,Neutral,Multiple,Sometimes,Employment,8.5,8.3,Yes,8,Severe,2.4,Financial need,5.7,,Some instability,0.3,8.5,1.8,2.1,16.0,Maybe,Religious,,70.1,5.5,0.2,19.0,1.7,14.4,9.8
NEPS-GHA-0006,6,7.6,6.9,6.5,Neutral,Cyber,Never,University,2.9,4.0,Yes,9,Moderate,4.7,Self pressure,4.3,Shared,Some instability,7.0,2.7,2.5,1.2,3.9,Yes,Informal,Good,21.6,9.7,14.5,19.5,10.5,5.7,2.0
NEPS-GHA-0006,12,1.9,2.3,1.8,Supportive,Multiple,Rarely,Employment,0.5,0.5,No,4,Severe,1.0,,5.7,,Some instability,4.4,1.8,0.5,9.4,9.6,Yes,,Some,7.4,12.6,1.1,3.0,11.3,6.1,19.9
NEPS-GHA-0006,18,1.2,7.6,6.1,Hostile,Verbal,Often,Undecided,9.1,3.0,Don't know,13,Moderate,5.7,,6.1,Smartphone,Stable,6.3,2.6,0.8,2.4,11.0,Yes,Professional,Some,45.1,11.9,5.8,4.6,14.1,14.1,9.1
NEPS-GHA-0006,24,6.9,9.2,7.9,Hostile,Multiple,Rarely,Undecided,1.1,2.2,Yes,8,Mild,0.7,Family expects,7.9,Shared,Some instability,1.2,6.9,7.0,9.4,10.0,Maybe,,Good,59.8,17.8,14.7,12.1,0.5,4.6,13.5
NEPS-GHA-0007,6,8.6,5.9,0.2,Hostile,Physical,Never,Vocational,4.7,6.5,No,5,Severe,6.3,Financial need,9.7,,Some instability,4.1,3.2,1.0,1.6,8.2,Maybe,Religious,,94.5,16.3,11.0,9.1,6.3,6.5,19.4
NEPS-GHA-0007,12,4.0,5.1,9.9,Hostile,Multiple,Often,Undecided,0.5,5.2,Don't know,15,Severe,7.6,Family expects,2.7,Basic phone,Some instability,4.4,7.0,1.2,9.7,12.2,Yes,Informal,Some,55.1,11.0,1.9,19.8,18.3,9.2,2.3
NEPS-GHA-0007,18,8.3,5.0,7.2,Hostile,Physical,Often,Undecided,9.8,2.4,Don't know,4,Severe,1.9,Family expects,8.6,Shared,Some instability,3.4,7.9,2.7,0.0,14.5,No,,Good,44.7,9.7,6.6,15.3,7.5,18.7,17.4
NEPS-GHA-0007,24,9.8,2.4,3.8,Neutral,,Sometimes,Undecided,7.1,8.1,No,20,Mild,5.0,,1.3,Shared,Stable,8.7,4.4,5.3,4.6,14.4,Maybe,Informal,Good,46.9,19.4,6.8,13.9,13.0,17.0,17.0
NEPS-GHA-0008,6,8.6,3.8,3.2,Hostile,Cyber,Never,University,2.3,6.8,No,7,,4.3,,7.6,Smartphone,Some instability,1.7,3.0,0.3,3.2,1.1,Maybe,Religious,Some,14.6,10.6,11.3,15.9,3.4,1.6,17.4
NEPS-GHA-0008,12,6.2,2.4,9.1,Supportive,Verbal,Often,Employment,4.6,6.7,No,9,Mild,0.7,Self pressure,9.9,Shared,Highly unstable,9.6,6.9,4.6,3.0,20.0,Maybe,Professional,Good,38.1,7.2,5.9,14.0,0.4,16.6,7.9
NEPS-GHA-0008,18,0.1,8.7,7.8,Supportive,Multiple,Often,Employment,7.8,2.3,No,7,Mild,6.2,Family expects,6.3,Smartphone,Some instability,7.9,0.3,3.6,1.3,18.2,Maybe,,Good,20.1,15.7,17.5,7.3,10.0,5.5,3.3
NEPS-GHA-0008,24,9.1,9.4,9.7,Neutral,Physical,Never,Undecided,9.6,1.4,Yes,12,Moderate,0.9,Financial need,0.1,Smartphone,Some instability,3.7,7.5,2.6,3.8,12.8,Maybe,Professional,,23.4,0.5,17.7,11.2,18.3,4.4,1.3
NEPS-GHA-0009,6,8.2,9.1,3.0,Neutral,,Rarely,University,9.5,3.0,No,3,,2.3,Family expects,3.9,Shared,Highly unstable,9.5,7.0,5.4,5.9,14.5,Maybe,Professional,Some,61.6,18.8,5.6,13.8,4.3,8.9,4.7
NEPS-GHA-0009,12,3.6,9.8,3.7,Hostile,Physical,Never,Undecided,2.8,9.7,No,2,Mild,6.4,,0.5,Shared,Stable,9.9,7.9,2.1,8.3,11.1,No,Informal,Good,32.9,3.0,18.0,0.1,17.2,2.9,2.6
NEPS-GHA-0009,18,2.5,1.7,6.6,Supportive,Verbal,Never,Employment,7.9,2.4,No,0,Mild,2.7,Family expects,7.4,Smartphone,Highly unstable,0.6,4.5,3.6,5.9,9.0,Yes,Professional,,78.3,17.3,10.4,9.2,19.3,1.2,9.6
NEPS-GHA-0009,24,4.0,6.9,4.9,Neutral,,Never,Employment,6.1,0.7,No,19,Moderate,3.8,Self pressure,4.5,,Stable,7.9,1.1,6.5,8.8,11.0,Yes,,Some,88.8,8.3,16.5,8.0,14.6,6.3,6.3
NEPS-GHA-0010,6,2.5,9.5,6.9,Neutral,,Never,University,0.9,1.0,Don't know,11,Mild,5.6,Self pressure,6.7,,Some instability,8.7,9.4,4.2,9.2,1.0,Maybe,Religious,Some,10.4,10.1,3.1,9.6,16.9,7.0,11.1
NEPS-GHA-0010,12,1.1,2.8,2.3,Neutral,Multiple,Never,Employment,0.3,2.7,No,10,Moderate,0.1,Family expects,5.7,,Stable,1.4,6.3,0.3,7.5,4.3,Maybe,,Some,15.7,6.2,6.5,18.8,11.9,17.7,3.1
NEPS-GHA-0010,18,7.5,0.5,0.8,Neutral,Cyber,Often,Undecided,4.1,2.2,Don't know,3,Moderate,4.3,Self pressure,6.8,,Highly unstable,6.7,0.5,4.0,6.0,0.2,Maybe,Informal,Good,76.4,5.8,2.4,9.9,8.6,2.6,10.7
NEPS-GHA-0010,24,2.3,5.6,6.7,Neutral,,Often,University,4.4,4.6,Yes,10,Severe,5.7,Financial need,2.9,,Stable,9.7,1.7,9.5,4.6,13.8,Maybe,Professional,Some,84.4,4.9,11.8,10.5,7.9,6.2,6.8
NEPS-GHA-0011,6,3.3,1.7,5.1,Supportive,Multiple,Rarely,Employment,3.5,9.6,Don't know,4,Mild,1.0,Self pressure,2.0,Basic phone,Highly unstable,0.8,9.5,6.3,4.6,11.3,No,,,92.4,11.3,12.7,12.5,17.3,12.5,3.0
NEPS-GHA-0011,12,0.7,4.4,3.0,Neutral,Multiple,Never,Employment,5.1,3.1,No,1,,3.7,Self pressure,0.8,Smartphone,Highly unstable,5.9,3.8,5.8,9.5,14.8,Yes,,,65.2,6.4,9.5,3.0,1.2,2.1,18.0
NEPS-GHA-0011,18,3.4,7.1,5.0,Supportive,,Rarely,Undecided,9.9,5.2,Don't know,5,Moderate,3.7,Self pressure,3.9,Shared,Highly unstable,6.0,7.9,6.5,0.7,1.9,No,,Some,25.2,17.0,19.3,12.1,3.0,1.6,13.3
NEPS-GHA-0011,24,9.2,3.1,6.6,Hostile,Cyber,Rarely,University,3.1,3.8,No,4,,6.5,Financial need,5.1,Smartphone,Some instability,3.1,9.5,3.4,7.7,3.8,Yes,Informal,Good,29.6,15.8,10.2,10.8,14.8,10.5,13.2
NEPS-GHA-0012,6,8.8,6.2,6.0,Supportive,Verbal,Rarely,Vocational,7.2,0.4,No,7,Severe,6.1,Financial need,2.3,Basic phone,Some instability,9.7,7.8,9.0,1.9,13.6,No,,Some,76.9,15.6,10.1,8.4,3.2,4.0,12.1
NEPS-GHA-0012,12,8.7,0.5,4.8,Neutral,Multiple,Never,University,2.9,7.6,No,14,Mild,8.3,,9.5,Basic phone,Some instability,8.8,9.3,4.1,4.0,7.5,Maybe,Professional,Some,22.5,6.4,2.0,14.3,6.7,2.9,0.8
NEPS-GHA-0012,18,9.2,4.7,8.3,Hostile,Cyber,Often,University,9.1,0.2,Yes,4,Severe,1.1,Self pressure,2.4,Smartphone,Stable,2.4,6.4,6.2,0.6,16.7,Maybe,Professional,,51.5,4.8,2.9,8.6,12.3,4.8,8.3
NEPS-GHA-0012,24,6.6,0.9,9.7,Supportive,Multiple,Never,Undecided,8.7,0.4,No,11,Moderate,7.5,Self pressure,7.9,Shared,Stable,7.3,6.3,7.7,7.4,6.7,Yes,Religious,,33.9,12.9,16.6,13.7,19.6,9.6,3.6
NEPS-GHA-0013,6,1.3,7.2,9.4,Supportive,Physical,Rarely,University,7.9,8.9,No,9,Severe,9.9,Financial need,2.5,Basic phone,Some instability,3.6,7.8,8.7,3.3,2.5,Maybe,,Some,74.3,17.9,7.7,19.5,9.9,10.0,18.5
NEPS-GHA-0013,12,5.2,8.0,7.3,Supportive,Cyber,Rarely,Employment,3.2,0.8,Don't know,9,Moderate,4.5,Financial need,1.7,,Some instability,4.5,7.3,9.1,6.1,8.7,No,Professional,Good,67.1,8.1,10.3,15.0,3.2,0.6,17.0
NEPS-GHA-0013,18,6.8,4.4,1.3,Supportive,Physical,Sometimes,Undecided,9.5,0.3,Yes,14,Moderate,3.7,,5.7,Shared,Some instability,3.1,2.8,9.6,0.3,3.7,No,,,11.8,15.5,14.1,4.3,12.2,13.9,20.0
NEPS-GHA-0013,24,2.0,1.4,0.7,Supportive,Cyber,Never,Employment,6.7,7.1,Don't know,17,Moderate,8.9,Family expects,7.1,Basic phone,Some instability,5.1,1.2,2.0,1.4,15.8,Yes,Religious,,57.2,9.3,19.7,2.6,17.7,1.3,8.0
NEPS-GHA-0014,6,7.2,4.8,4.1,Neutral,Multiple,Never,Vocational,9.7,6.4,No,14,Moderate,1.3,Family expects,7.7,Basic phone,Some instability,5.0,8.7,8.3,5.2,6.1,Yes,Religious,,22.5,18.9,10.4,5.7,1.6,3.9,19.1
NEPS-GHA-0014,12,2.7,6.3,6.1,Supportive,Multiple,Rarely,Vocational,1.7,6.2,Don't know,10,,8.3,,0.8,Shared,Highly unstable,2.1,5.7,6.2,0.3,17.8,No,Religious,,95.7,9.7,16.1,13.7,5.9,1.5,1.2
NEPS-GHA-0014,18,4.4,4.8,2.0,Hostile,Verbal,Sometimes,Employment,7.3,8.6,No,4,Moderate,5.1,,3.2,,Stable,2.7,2.5,1.0,2.9,7.7,No,,Good,96.3,18.0,16.3,18.7,14.4,3.8,3.2
NEPS-GHA-0014,24,10.0,4.7,8.8,Neutral,,Never,Undecided,5.1,9.7,Yes,18,Moderate,0.5,Self pressure,4.9,,Some instability,5.4,8.5,4.3,8.8,14.6,Maybe,Religious,Good,40.1,11.4,3.9,11.1,1.5,10.1,15.3
NEPS-GHA-0015,6,2.8,9.9,6.8,Supportive,Verbal,Never,Undecided,3.7,9.9,Don't know,11,Mild,2.0,Financial need,5.0,Smartphone,Stable,1.4,3.3,4.7,4.6,12.1,No,Informal,Some,93.1,6.4,7.9,12.3,16.9,11.9,10.1
NEPS-GHA-0015,12,5.1,4.9,5.6,Neutral,,Sometimes,Employment,6.7,9.8,Don't know,9,,6.0,Self pressure,9.7,Basic phone,Highly unstable,0.5,4.8,5.2,7.2,15.5,Maybe,Informal,,24.2,11.5,14.0,3.8,8.8,8.4,8.3
NEPS-GHA-0015,18,2.0,5.0,6.1,Neutral,,Rarely,Vocational,5.6,10.0,No,16,Severe,3.1,Family expects,4.6,Shared,Highly unstable,3.5,7.7,7.2,6.4,13.9,No,,Good,95.7,5.6,6.0,18.8,19.6,15.4,14.1
NEPS-GHA-0015,24,6.9,4.9,4.8,Hostile,Physical,Sometimes,University,5.7,5.4,No,11,Mild,2.9,Self pressure,9.6,Smartphone,Some instability,9.2,6.6,7.5,2.1,16.6,Maybe,Religious,Good,10.9,14.8,4.8,1.0,18.1,4.5,4.7
NEPS-GHA-0016,6,1.0,3.3,4.7,Hostile,Verbal,Never,Vocational,4.1,9.4,No,15,Mild,7.6,Self pressure,3.2,Smartphone,Stable,6.5,2.3,7.4,8.5,0.7,Yes,,Good,93.4,0.7,16.7,15.8,3.7,15.0,17.4
NEPS-GHA-0016,12,2.9,0.4,3.0,Hostile,,Sometimes,Employment,4.5,6.4,Don't know,15,Mild,8.5,Financial need,2.7,Smartphone,Some instability,1.6,4.6,2.6,1.9,14.7,Maybe,Informal,Good,61.1,12.8,8.1,8.6,6.6,8.0,1.9
NEPS-GHA-0016,18,9.8,4.8,9.4,Supportive,Physical,Often,Vocational,4.5,2.7,No,9,,2.6,Self pressure,6.9,Smartphone,Highly unstable,1.2,3.1,4.1,5.0,17.9,No,Religious,,11.7,18.3,5.9,12.3,4.4,2.7,3.1
NEPS-GHA-0016,24,7.5,6.1,4.2,Hostile,Cyber,Rarely,Vocational,6.8,6.0,Yes,16,Severe,5.3,Self pressure,0.8,Smartphone,Stable,8.3,9.0,2.0,5.4,3.3,No,,Good,68.0,14.3,9.8,18.0,8.9,1.1,2.6
NEPS-GHA-0017,6,4.2,5.6,5.6,Hostile,Physical,Never,Undecided,2.5,0.0,Yes,18,,0.5,Self pressure,7.0,Smartphone,Stable,9.9,4.7,2.9,1.8,2.7,No,,Some,99.3,7.6,17.4,18.1,7.5,13.7,13.2
NEPS-GHA-0017,12,5.4,6.5,3.5,Supportive,Multiple,Often,Vocational,7.3,2.2,Yes,0,Moderate,4.6,Financial need,5.3,Basic phone,Stable,4.6,1.6,1.9,8.8,15.3,Yes,,,76.6,17.7,0.3,4.1,2.0,0.7,12.0
NEPS-GHA-0017,18,7.0,0.5,7.4,Neutral,Cyber,Rarely,Vocational,7.5,7.8,Yes,16,Moderate,2.3,Self pressure,5.8,Shared,Stable,3.0,1.4,6.6,2.2,6.0,Yes,Informal,,67.9,11.1,0.9,6.9,12.9,7.6,10.5
NEPS-GHA-0017,24,7.0,4.1,3.0,Supportive,Multiple,Often,Vocational,8.5,3.0,Don't know,4,Severe,9.1,Financial need,9.7,Basic phone,Some instability,2.4,2.0,6.5,9.2,16.9,Yes,Informal,Good,26.8,13.5,12.1,17.5,3.8,15.2,14.5
NEPS-GHA-0018,6,5.6,4.8,8.7,Neutral,Physical,Never,Vocational,9.4,9.6,Yes,15,Mild,7.0,Family expects,4.0,Basic phone,Highly unstable,3.2,2.8,4.7,6.5,6.2,Maybe,,Some,9.9,19.6,9.4,16.8,18.3,7.4,8.3
NEPS-GHA-0018,12,5.6,2.2,1.5,Neutral,Multiple,Often,Employment,1.5,3.3,No,18,Mild,5.0,Self pressure,2.6,,Highly unstable,6.4,4.9,1.7,7.9,3.4,No,,Good,91.7,10.8,12.8,1.2,0.7,16.9,18.9
NEPS-GHA-0018,18,6.7,7.6,4.1,Hostile,Verbal,Never,Vocational,0.1,5.1,No,1,Severe,6.6,,0.1,,Stable,0.2,7.2,5.4,2.9,10.0,No,,Good,10.7,1.9,3.0,3.8,10.5,16.3,5.3
NEPS-GHA-0018,24,4.0,3.7,4.1,Hostile,Verbal,Rarely,Employment,6.8,8.5,Don't know,20,,0.9,Financial need,3.8,,Stable,6.4,7.0,0.8,8.5,12.9,Maybe,Professional,,91.9,4.6,18.0,13.8,11.3,5.4,18.5
NEPS-GHA-0019,6,6.8,2.8,5.4,Hostile,,Rarely,Employment,0.2,2.1,Yes,12,,3.0,Family expects,5.7,,Highly unstable,9.0,3.3,7.6,1.4,19.8,No,Professional,,74.5,6.9,2.0,4.6,1.5,12.1,12.3
NEPS-GHA-0019,12,6.0,9.7,3.3,Hostile,Physical,Often,Undecided,2.3,5.5,No,13,Mild,6.8,Financial need,0.9,Shared,Stable,7.1,0.8,1.5,7.1,12.7,No,,Some,36.1,1.8,18.9,8.9,15.2,2.0,1.7
NEPS-GHA-0019,18,4.3,5.6,5.1,Supportive,,Never,Employment,5.5,6.0,No,12,,2.9,Financial need,7.8,Basic phone,Highly unstable,5.2,6.9,1.7,2.7,5.4,Yes,Professional,Good,43.5,8.4,9.7,1.5,5.0,4.9,12.5
NEPS-GHA-0019,24,5.9,2.0,1.1,Neutral,,Often,Employment,8.4,3.8,No,14,Moderate,4.3,Family expects,3.0,Basic phone,Some instability,3.1,9.6,9.7,2.9,13.9,Maybe,Informal,Some,37.6,16.3,7.9,2.3,11.3,11.8,10.9
NEPS-GHA-0020,6,6.8,5.5,9.5,Neutral,Verbal,Often,Employment,8.3,0.7,No,15,Mild,6.3,Family expects,2.5,Basic phone,Highly unstable,4.2,3.8,4.5,6.0,11.6,No,,,3.7,19.4,14.0,16.2,11.9,18.3,2.2
NEPS-GHA-0020,12,2.5,6.6,1.7,Hostile,,Often,Employment,9.7,4.3,Yes,3,Moderate,2.2,Family expects,4.5,,Some instability,7.7,5.9,5.0,3.4,0.5,Yes,Religious,Some,92.1,1.7,16.6,14.6,7.0,6.9,15.7
NEPS-GHA-0020,18,5.2,3.5,1.0,Hostile,Cyber,Sometimes,University,3.0,8.1,Yes,0,Moderate,6.5,Family expects,9.3,Basic phone,Highly unstable,1.7,1.6,5.6,9.6,4.6,Maybe,Informal,Good,64.0,8.6,0.6,12.3,3.9,11.8,7.8
NEPS-GHA-0020,24,7.0,2.1,7.5,Supportive,Multiple,Never,Vocational,3.7,2.0,Yes,8,Severe,5.3,Self pressure,6.0,,Highly unstable,1.1,3.5,4.6,1.7,13.5,Maybe,Professional,,13.4,2.4,6.1,3.7,13.9,10.2,8.4
NEPS-GHA-0021,6,1.4,3.8,1.9,Hostile,Multiple,Rarely,Vocational,4.9,1.4,No,14,,8.7,,4.8,Basic phone,Some instability,9.6,5.1,4.9,6.8,8.3,Maybe,,Good,8.3,0.6,15.2,5.8,5.5,10.8,3.4
NEPS-GHA-0021,12,4.6,7.4,7.7,Hostile,Multiple,Never,University,2.7,5.4,No,17,,7.6,Financial need,5.5,,Stable,7.4,6.5,2.5,8.7,0.6,Maybe,Religious,Good,43.9,19.9,15.5,4.7,16.2,11.8,7.0
NEPS-GHA-0021,18,7.1,6.3,1.7,Supportive,Verbal,Rarely,University,5.7,5.3,Don't know,17,Mild,3.2,Self pressure,2.9,Shared,Highly unstable,9.9,6.8,1.0,9.6,15.7,Yes,Religious,,12.7,17.3,5.0,14.2,16.6,15.2,13.5
NEPS-GHA-0021,24,4.9,5.8,2.7,Neutral,Cyber,Often,University,6.3,8.8,Yes,12,Moderate,6.9,Self pressure,4.5,,Some instability,5.8,8.7,8.5,0.9,19.4,No,Religious,Good,79.6,8.0,19.4,16.5,9.9,6.5,5.7
NEPS-GHA-0022,6,5.5,1.3,8.5,Neutral,,Never,University,6.3,8.4,Yes,3,Mild,4.4,,9.9,,Stable,10.0,9.1,8.8,3.0,17.5,Maybe,Professional,,36.0,1.6,13.3,13.0,1.0,12.5,14.5
NEPS-GHA-0022,12,7.6,4.3,0.9,Supportive,,Rarely,Undecided,0.8,5.9,Don't know,14,,0.1,Self pressure,8.2,,Highly unstable,1.3,0.7,3.8,7.3,2.0,Maybe,Religious,Some,13.7,15.5,15.1,2.7,19.9,2.9,10.6
NEPS-GHA-0022,18,0.1,6.5,4.4,Hostile,Verbal,Rarely,Undecided,6.2,4.4,Yes,2,,1.4,,5.9,,Some instability,9.6,3.1,1.4,2.8,1.7,No,Religious,,2.7,16.9,17.5,4.1,12.1,3.8,7.8
NEPS-GHA-0022,24,6.5,7.8,7.9,Supportive,Cyber,Often,University,2.4,6.4,Yes,16,,9.9,Self pressure,1.3,,Some instability,5.5,1.7,4.7,9.9,1.5,No,Professional,Good,26.2,0.8,1.2,15.8,10.1,12.6,10.0
NEPS-GHA-0023,6,4.2,7.0,0.8,Hostile,Multiple,Rarely,Employment,0.8,0.8,Yes,4,Moderate,3.9,,3.1,,Highly unstable,9.5,2.4,2.4,9.2,2.3,No,Professional,Some,66.6,13.2,3.5,0.3,2.7,0.2,9.9
NEPS-GHA-0023,12,3.5,5.2,8.2,Neutral,Verbal,Sometimes,Vocational,7.5,8.7,Don't know,3,,3.4,Financial need,2.7,Smartphone,Some instability,7.1,5.8,0.8,4.6,7.2,Maybe,Informal,Some,15.7,15.5,17.9,13.5,2.3,14.8,0.1
NEPS-GHA-0023,18,8.6,0.1,0.5,Neutral,Cyber,Rarely,Vocational,9.3,8.6,Don't know,20,Severe,2.2,Family expects,4.2,Shared,Some instability,8.3,5.7,1.2,6.7,1.1,Yes,Professional,Some,6.9,9.3,5.6,16.9,6.5,11.1,0.2
NEPS-GHA-0023,24,2.0,5.6,3.0,Hostile,Verbal,Often,Employment,5.9,4.9,Yes,17,Mild,1.5,Financial need,0.2,Shared,Highly unstable,8.4,8.8,9.5,0.0,13.1,No,Religious,Good,20.5,19.7,8.4,19.2,19.5,2.8,5.6
NEPS-GHA-0024,6,0.4,2.3,8.5,Neutral,Physical,Often,University,5.8,5.1,Don't know,12,,5.9,,4.3,Basic phone,Stable,2.9,8.5,9.3,3.9,16.6,Maybe,Religious,Some,27.2,1.5,4.1,15.6,11.7,3.1,3.3
NEPS-GHA-0024,12,4.7,4.1,5.4,Supportive,Cyber,Sometimes,Undecided,2.7,1.2,Yes,9,,2.2,Self pressure,1.5,Basic phone,Some instability,4.0,0.5,3.0,8.2,3.5,Maybe,,,74.8,5.0,9.2,16.1,2.8,0.2,16.6
NEPS-GHA-0024,18,9.8,1.3,8.2,Neutral,,Sometimes,University,0.2,0.6,Don't know,14,Mild,0.9,Self pressure,1.2,,Stable,1.7,5.7,8.2,3.9,0.6,No,,Good,35.4,18.2,5.5,8.9,3.0,12.3,12.3
NEPS-GHA-0024,24,6.5,5.0,8.8,Neutral,,Never,Employment,3.8,4.2,Don't know,16,Mild,6.3,,9.9,Shared,Some instability,5.4,4.8,9.1,5.0,7.8,Yes,Professional,Some,59.7,0.6,16.2,5.6,16.2,9.4,7.1
NEPS-GHA-0025,6,5.8,2.3,1.6,Supportive,Verbal,Sometimes,University,7.6,9.5,Don't know,12,Moderate,9.4,Family expects,1.8,Shared,Highly unstable,7.0,9.1,0.3,7.0,19.0,No,Informal,,94.8,16.7,16.2,19.4,10.8,3.5,0.8
NEPS-GHA-0025,12,0.6,6.0,0.2,Neutral,,Sometimes,Vocational,8.1,3.4,Yes,10,,0.2,Family expects,7.7,Shared,Stable,3.7,9.4,4.0,1.0,6.0,Yes,Informal,,94.9,15.8,19.2,13.0,3.5,19.4,13.9
NEPS-GHA-0025,18,9.3,7.9,2.2,Hostile,Verbal,Often,Employment,7.3,2.9,Yes,0,Severe,8.5,,1.8,Shared,Highly unstable,2.2,5.7,9.4,1.4,14.9,Yes,Religious,Some,16.8,17.7,1.8,14.2,12.8,17.7,8.9
NEPS-GHA-0025,24,2.7,2.5,0.7,Neutral,,Never,University,3.9,7.3,Yes,13,Severe,8.8,Self pressure,5.5,Smartphone,Some instability,7.9,5.8,7.6,2.3,9.0,Yes,Religious,Good,31.9,19.0,1.5,3.4,7.5,14.6,10.9
NEPS-GHA-0026,6,9.0,0.9,5.9,Hostile,Cyber,Never,Undecided,9.4,1.6,No,5,,1.0,Family expects,9.7,,Highly unstable,5.5,9.3,5.4,6.6,5.9,Yes,Professional,Some,57.2,16.8,3.1,7.2,8.6,5.9,13.2
NEPS-GHA-0026,12,6.0,2.0,0.3,Supportive,Physical,Never,Undecided,8.4,3.1,No,15,Severe,8.9,Self pressure,0.9,,Stable,3.7,3.8,1.9,0.4,8.8,Maybe,Informal,Some,56.4,3.0,13.9,1.9,13.4,16.2,8.3
NEPS-GHA-0026,18,7.6,2.3,0.6,Neutral,Multiple,Often,Undecided,5.7,2.4,No,2,Severe,9.0,,5.0,Basic phone,Stable,9.5,4.5,9.5,1.7,4.2,Yes,Informal,Good,42.3,19.8,8.7,19.9,12.5,16.7,5.2
NEPS-GHA-0026,24,9.1,9.1,0.7,Neutral,Multiple,Often,Employment,8.6,5.2,Yes,19,Severe,1.1,Family expects,1.5,Smartphone,Stable,5.6,1.0,2.9,5.4,6.9,Maybe,Religious,Some,65.5,11.4,9.5,3.4,8.1,12.4,13.6
NEPS-GHA-0027,6,4.0,4.0,8.8,Hostile,Verbal,Never,Undecided,9.2,9.0,Yes,10,Moderate,3.1,Financial need,8.6,Smartphone,Stable,1.3,9.7,4.4,8.3,5.4,Maybe,Professional,Good,44.2,18.3,8.1,9.7,10.3,7.5,1.1
NEPS-GHA-0027,12,7.9,0.7,7.1,Neutral,Verbal,Never,Vocational,1.9,8.3,Yes,7,,4.6,Self pressure,7.0,Shared,Some instability,8.2,5.1,6.4,1.2,0.6,Maybe,,,44.6,19.2,9.5,11.0,6.9,16.8,5.2
NEPS-GHA-0027,18,8.3,0.9,0.3,Supportive,Verbal,Rarely,Vocational,6.5,6.8,No,20,Severe,5.1,,4.7,Basic phone,Highly unstable,1.7,8.0,2.2,6.1,18.9,No,Religious,Some,89.5,17.0,9.2,4.4,6.0,10.4,12.5
NEPS-GHA-0027,24,5.8,0.1,10.0,Neutral,Multiple,Sometimes,Employment,6.8,4.8,No,8,Moderate,8.6,Self pressure,6.6,Shared,Stable,1.5,7.7,9.0,8.1,16.0,No,,,32.0,2.8,0.5,9.9,5.9,18.1,8.1
NEPS-GHA-0028,6,7.4,5.8,9.9,Supportive,Physical,Rarely,Undecided,9.1,6.7,Don't know,9,Mild,8.4,Family expects,2.9,,Stable,7.4,7.3,5.6,9.1,18.9,Maybe,Professional,Good,35.5,14.9,6.1,15.8,6.6,5.2,5.9
NEPS-GHA-0028,12,8.5,4.7,8.7,Hostile,Multiple,Never,Undecided,8.9,5.0,Don't know,12,Moderate,4.1,Family expects,1.4,Basic phone,Some instability,4.1,5.7,9.1,4.6,6.3,No,Informal,Good,48.8,12.6,3.5,12.7,0.1,5.5,15.2
NEPS-GHA-0028,18,1.7,7.6,4.9,Supportive,Verbal,Often,Undecided,4.0,9.7,No,0,,5.3,Self pressure,9.5,Shared,Highly unstable,1.9,6.8,6.3,2.5,13.9,Maybe,Religious,Good,10.3,10.1,6.1,1.3,0.9,19.0,9.1
NEPS-GHA-0028,24,5.2,5.2,4.3,Hostile,Verbal,Sometimes,Undecided,3.6,1.9,No,0,Mild,2.2,Family expects,2.1,Smartphone,Highly unstable,5.0,1.2,7.1,7.9,7.5,No,Religious,,62.3,11.9,1.0,2.2,16.7,1.0,2.3
NEPS-GHA-0029,6,4.4,1.2,2.5,Hostile,Verbal,Rarely,University,3.0,6.6,Don't know,16,Moderate,6.2,Family expects,4.2,Smartphone,Highly unstable,7.2,1.2,1.1,1.1,4.0,Yes,Religious,,97.3,7.2,8.2,3.2,11.0,18.2,13.8
NEPS-GHA-0029,12,4.8,2.3,0.1,Supportive,,Often,Vocational,9.5,7.8,Yes,3,Moderate,6.4,Financial need,9.9,Shared,Some instability,4.6,1.0,1.7,0.4,5.8,No,Religious,Some,73.9,1.9,15.2,0.9,17.0,13.3,3.4
NEPS-GHA-0029,18,3.6,4.4,6.2,Hostile,,Sometimes,Employment,1.8,4.0,No,8,Severe,6.9,Financial need,8.0,Basic phone,Stable,1.3,7.3,9.8,8.4,2.1,No,,,67.8,3.6,7.6,7.2,0.6,13.7,16.8
NEPS-GHA-0029,24,9.7,1.3,9.2,Supportive,Cyber,Often,University,0.6,6.5,Yes,16,Mild,9.8,Self pressure,5.2,Smartphone,Some instability,6.6,2.5,3.5,6.8,7.7,No,Professional,Good,64.3,3.1,17.0,17.0,17.4,1.5,9.8
NEPS-GHA-0030,6,2.4,9.7,0.5,Supportive,Multiple,Often,Undecided,8.2,0.8,No,18,Severe,0.9,Financial need,4.5,Smartphone,Some instability,7.5,0.2,4.0,0.4,11.0,Yes,Religious,,56.2,13.1,9.1,6.8,16.5,16.3,16.9
NEPS-GHA-0030,12,3.3,7.7,6.0,Hostile,Physical,Often,University,1.0,6.6,Yes,10,Moderate,8.3,Self pressure,5.5,Shared,Highly unstable,1.1,9.0,4.9,8.2,14.9,Maybe,Professional,Some,61.1,3.8,18.6,7.9,9.1,15.6,14.3
NEPS-GHA-0030,18,1.1,4.1,9.3,Hostile,Multiple,Never,Undecided,4.6,5.9,Don't know,4,Severe,0.0,,5.5,,Highly unstable,4.8,5.1,9.2,1.8,11.6,No,Informal,Good,38.7,12.0,17.7,10.1,7.7,19.6,18.3
NEPS-GHA-0030,24,7.6,2.7,9.6,Neutral,Cyber,Rarely,Vocational,4.1,7.0,Don't know,16,Moderate,8.4,Self pressure,7.1,Basic phone,Stable,2.1,7.1,6.9,9.2,2.7,No,Informal,,54.2,12.7,14.2,15.2,11.2,11.7,18.9
NEPS-GHA-0031,6,7.1,6.7,8.9,Hostile,Physical,Often,University,5.2,0.3,Yes,1,,2.0,Family expects,9.8,Shared,Stable,8.4,6.9,3.0,7.5,0.6,Maybe,Professional,,86.8,14.8,17.3,14.8,11.2,4.8,15.7
NEPS-GHA-0031,12,8.0,2.9,6.6,Neutral,Cyber,Often,Employment,9.7,0.5,Don't know,8,Mild,6.2,Financial need,8.3,Shared,Highly unstable,5.5,6.0,7.8,9.6,5.9,Yes,Professional,Good,96.2,14.7,2.4,0.8,5.6,5.3,3.2
NEPS-GHA-0031,18,8.5,0.1,4.7,Supportive,,Rarely,Employment,6.0,7.7,Don't know,19,Moderate,4.9,Self pressure,0.7,Shared,Highly unstable,2.2,1.8,0.7,5.1,8.3,No,,Good,34.9,17.7,13.3,6.6,5.9,19.0,12.4
NEPS-GHA-0031,24,4.7,5.6,7.5,Hostile,,Never,Employment,4.5,9.0,Don't know,19,Mild,9.6,Self pressure,3.8,Smartphone,Some instability,2.6,7.2,0.2,5.2,15.4,No,,Some,4.4,18.0,3.9,10.3,19.0,3.3,19.1
NEPS-GHA-0032,6,5.4,0.1,0.7,Hostile,Verbal,Often,University,2.1,8.3,Don't know,13,,7.5,Family expects,0.2,Shared,Stable,0.9,0.5,7.9,5.6,11.5,Yes,Religious,Some,38.8,12.6,8.7,0.3,13.5,10.7,12.8
NEPS-GHA-0032,12,6.2,7.6,5.9,Hostile,,Sometimes,University,2.9,6.9,Don't know,2,Moderate,7.7,Financial need,3.8,Smartphone,Some instability,1.6,2.2,7.5,8.0,17.0,Maybe,Informal,Some,67.7,18.3,15.9,14.6,7.5,19.0,11.1
NEPS-GHA-0032,18,5.6,1.2,0.1,Hostile,Cyber,Never,Employment,2.1,7.4,Don't know,11,Mild,4.1,Family expects,1.6,Basic phone,Highly unstable,8.3,1.9,1.8,8.0,17.0,No,,,55.0,5.8,1.3,2.0,14.5,9.7,6.6
NEPS-GHA-0032,24,1.3,6.6,1.0,Hostile,,Rarely,Employment,4.9,3.3,Don't know,9,Mild,5.7,Self pressure,8.1,,Stable,0.0,2.5,2.2,7.4,8.7,Maybe,Informal,,73.3,17.6,9.3,7.2,6.1,11.0,3.5
NEPS-GHA-0033,6,6.1,8.4,8.6,Supportive,Multiple,Rarely,Employment,7.3,6.3,Don't know,2,,8.5,,8.1,,Highly unstable,2.1,0.4,2.6,8.9,10.8,No,Informal,Some,39.2,17.8,11.8,17.1,2.7,10.0,1.8
NEPS-GHA-0033,12,3.6,0.1,2.4,Hostile,Verbal,Rarely,Undecided,1.6,5.7,Don't know,4,Severe,9.4,,2.2,,Stable,0.6,3.7,0.4,2.1,18.2,Maybe,,Some,91.8,17.6,0.8,13.0,2.1,19.4,12.7
NEPS-GHA-0033,18,2.7,7.4,5.8,Hostile,Verbal,Often,Undecided,3.7,6.5,Yes,16,Moderate,3.8,Family expects,5.2,Shared,Some instability,4.9,4.8,6.0,5.0,2.8,Yes,Informal,Good,51.5,5.6,3.0,3.1,12.0,16.3,13.2
NEPS-GHA-0033,24,4.1,3.3,1.1,Hostile,Cyber,Often,Vocational,5.9,6.5,No,0,Mild,0.4,Family expects,1.3,Smartphone,Highly unstable,1.5,1.7,9.2,5.2,8.1,No,Professional,,72.8,16.4,18.9,4.3,12.1,9.4,9.6
NEPS-GHA-0034,6,2.2,4.1,1.4,Hostile,Verbal,Sometimes,Vocational,7.2,3.4,No,19,,2.3,Financial need,1.3,Smartphone,Stable,5.2,9.1,6.8,8.3,12.1,Yes,,,60.0,17.6,10.6,15.0,1.9,13.2,18.0
NEPS-GHA-0034,12,5.4,0.0,9.4,Hostile,Cyber,Often,Employment,8.7,7.0,No,7,Severe,7.9,Financial need,3.5,Smartphone,Some instability,1.3,4.8,2.3,8.6,5.7,No,,Some,18.9,14.2,15.8,11.6,2.4,0.1,13.1
NEPS-GHA-0034,18,6.9,3.2,3.6,Supportive,Cyber,Sometimes,Employment,8.5,4.2,No,19,Moderate,9.9,Financial need,7.5,,Highly unstable,7.8,4.8,3.7,5.5,5.1,Maybe,Religious,,39.8,2.8,17.3,2.4,4.6,15.7,19.0
NEPS-GHA-0034,24,1.0,5.1,7.9,Hostile,Multiple,Never,Vocational,3.9,6.4,Yes,4,Severe,9.3,Financial need,0.9,Shared,Stable,3.7,6.1,7.2,9.3,8.0,No,Religious,,96.4,1.1,15.5,3.5,9.9,0.2,17.0
NEPS-GHA-0035,6,9.3,5.2,1.9,Hostile,Multiple,Rarely,Vocational,6.7,3.6,Don't know,0,Mild,0.9,Self pressure,7.8,Shared,Highly unstable,4.0,5.9,5.2,7.4,1.4,Yes,Religious,,83.0,18.3,7.0,19.3,5.5,12.1,3.9
NEPS-GHA-0035,12,9.3,5.7,2.6,Neutral,Multiple,Never,University,5.0,3.4,Yes,16,Moderate,8.8,Self pressure,6.9,,Highly unstable,4.8,2.4,3.4,7.8,13.6,No,Professional,Some,11.6,1.4,12.7,19.9,13.5,4.6,6.3
NEPS-GHA-0035,18,9.6,5.2,0.1,Neutral,Verbal,Sometimes,University,4.0,7.5,No,2,Mild,4.8,Self pressure,2.2,Shared,Stable,9.5,6.8,9.1,5.0,4.0,No,Informal,Some,20.7,4.1,5.0,12.4,3.1,2.1,18.4
NEPS-GHA-0035,24,6.8,6.6,6.1,Hostile,,Often,Employment,6.2,4.9,Don't know,8,Severe,1.8,Self pressure,4.0,Basic phone,Stable,5.3,4.2,9.4,0.3,6.9,No,Informal,Some,97.7,14.0,9.2,13.8,0.2,4.2,11.6
NEPS-GHA-0036,6,3.3,6.1,2.6,Hostile,Physical,Rarely,Employment,4.7,6.1,No,5,Severe,4.2,Financial need,7.0,Shared,Some instability,8.5,2.8,1.8,1.3,11.5,Yes,Professional,,27.0,4.7,8.6,7.6,2.9,19.2,3.0
NEPS-GHA-0036,12,8.1,1.8,5.0,Hostile,Multiple,Sometimes,Undecided,3.0,5.6,Don't know,1,Severe,1.0,Family expects,0.6,Shared,Some instability,8.4,1.0,7.4,2.6,7.2,No,Religious,Some,2.0,2.4,17.3,19.3,4.0,11.5,13.0
NEPS-GHA-0036,18,1.7,7.8,3.6,Hostile,Multiple,Often,Undecided,8.9,3.8,No,14,Mild,8.7,Self pressure,4.2,,Stable,0.8,3.4,3.1,6.5,14.2,No,,Some,88.8,15.6,18.8,15.0,10.4,9.0,3.3
NEPS-GHA-0036,24,8.5,1.3,2.3,Neutral,,Rarely,Vocational,4.0,1.0,No,17,,0.3,Financial need,5.2,Smartphone,Stable,2.6,1.6,6.5,8.9,6.2,Yes,Religious,Some,62.6,2.6,16.8,0.6,13.3,17.2,6.5
NEPS-GHA-0037,6,4.8,9.7,5.4,Neutral,Multiple,Often,Vocational,9.7,7.0,Yes,18,Severe,6.3,Financial need,5.2,Shared,Some instability,4.8,2.3,0.9,3.1,8.2,Yes,Religious,Good,0.0,16.3,17.0,6.9,9.4,0.2,18.4
NEPS-GHA-0037,12,9.5,4.8,0.1,Neutral,Physical,Rarely,University,5.5,1.9,Don't know,13,Severe,2.5,Financial need,8.3,Basic phone,Some instability,0.8,6.3,5.2,8.0,12.3,No,Religious,Some,64.8,10.6,5.4,3.8,1.4,2.7,2.2
NEPS-GHA-0037,18,4.6,4.5,7.0,Neutral,Verbal,Sometimes,University,1.5,9.7,Yes,5,,2.8,Family expects,7.2,Smartphone,Stable,0.9,0.1,2.2,4.2,15.7,Maybe,Religious,Some,69.7,0.6,1.6,15.0,2.9,5.3,7.8
NEPS-GHA-0037,24,5.4,1.8,9.0,Neutral,Cyber,Never,University,9.7,7.1,No,14,Mild,7.4,,2.0,Smartphone,Highly unstable,6.7,2.1,3.9,9.6,18.7,Yes,Professional,,93.7,10.4,5.1,12.8,4.0,17.8,17.3
NEPS-GHA-0038,6,2.2,1.1,6.3,Neutral,,Rarely,Employment,5.8,4.0,Yes,0,,5.8,Financial need,6.9,Basic phone,Some instability,7.7,2.5,5.0,6.9,6.8,No,Professional,Good,35.6,3.1,10.7,2.1,9.8,6.3,11.2
NEPS-GHA-0038,12,6.4,3.5,8.9,Hostile,Verbal,Never,Undecided,3.6,1.3,Yes,15,Severe,5.6,Financial need,1.9,Basic phone,Highly unstable,3.5,7.3,2.8,8.3,18.3,No,Informal,Good,53.1,9.0,16.4,10.8,9.1,15.5,10.1
NEPS-GHA-0038,18,7.3,8.8,6.2,Neutral,Multiple,Rarely,Employment,7.2,6.6,Don't know,12,Mild,5.2,Financial need,7.7,Basic phone,Highly unstable,2.8,4.1,3.2,1.0,13.2,Yes,Informal,Good,87.3,4.0,9.7,2.0,11.4,16.7,13.2
NEPS-GHA-0038,24,5.3,7.0,2.6,Neutral,Verbal,Never,University,9.3,2.1,No,2,Severe,8.0,,3.6,,Some instability,7.9,0.6,6.2,5.3,14.7,Maybe,Professional,Good,96.1,1.9,14.5,10.6,3.8,10.5,5.0
NEPS-GHA-0039,6,6.3,1.8,7.5,Neutral,,Sometimes,Undecided,7.0,4.3,Yes,5,Mild,5.5,Self pressure,6.6,,Some instability,9.0,5.5,10.0,8.4,8.2,No,,,32.3,4.8,10.9,7.5,11.0,14.9,7.2
NEPS-GHA-0039,12,4.5,9.6,0.0,Supportive,Physical,Never,Vocational,9.9,3.0,No,7,Mild,8.6,,7.7,Shared,Highly unstable,5.1,5.7,5.7,0.9,9.2,Yes,Informal,Some,36.7,11.6,4.7,16.2,1.8,8.0,18.4
NEPS-GHA-0039,18,7.3,7.2,7.9,Supportive,Cyber,Never,Employment,0.4,8.1,No,2,,9.2,Self pressure,3.5,,Some instability,9.3,1.2,7.7,7.5,17.0,Yes,,Good,30.5,0.8,10.8,3.0,10.0,4.4,1.0
NEPS-GHA-0039,24,7.3,3.9,4.5,Hostile,Multiple,Never,Vocational,4.3,7.9,Yes,4,Moderate,0.8,,5.5,Shared,Stable,4.0,4.3,7.0,7.6,9.6,Yes,,Some,65.2,3.9,12.3,14.7,4.9,1.4,15.5
NEPS-GHA-0040,6,3.2,9.2,0.9,Hostile,Cyber,Often,Employment,3.5,3.2,Don't know,20,,7.7,Family expects,9.9,,Highly unstable,1.5,0.4,8.2,2.0,7.5,No,Professional,Good,74.0,4.9,12.4,3.0,16.6,5.8,6.9
NEPS-GHA-0040,12,8.0,3.1,4.7,Neutral,Verbal,Rarely,Vocational,5.5,7.5,Don't know,15,Mild,7.0,,3.8,Smartphone,Some instability,1.7,2.8,7.9,6.2,1.1,No,Professional,Good,38.9,5.4,17.0,13.2,17.3,0.4,17.3
NEPS-GHA-0040,18,6.5,2.3,3.8,Hostile,,Sometimes,Undecided,8.7,5.3,Yes,6,Severe,5.6,,0.4,Shared,Some instability,4.9,7.4,0.2,6.8,7.1,Maybe,Informal,,27.6,1.2,5.2,7.7,20.0,19.8,18.9
NEPS-GHA-0040,24,9.5,2.3,3.4,Neutral,Verbal,Never,Undecided,5.2,6.8,Don't know,7,Severe,2.4,Family expects,4.3,Shared,Highly unstable,3.3,5.4,2.1,1.4,10.8,Yes,Informal,Some,68.9,18.0,18.2,8.6,18.2,15.4,13.1
NEPS-GHA-0041,6,5.6,1.6,0.7,Hostile,,Rarely,Employment,8.4,1.5,Yes,10,Severe,9.6,Self pressure,4.4,Shared,Stable,7.8,1.1,1.8,7.6,12.2,Maybe,Informal,,23.2,13.7,7.2,13.8,9.5,10.0,12.1
NEPS-GHA-0041,12,7.1,3.7,8.5,Neutral,Cyber,Rarely,Vocational,1.9,0.3,Yes,8,Severe,2.2,Family expects,7.6,Smartphone,Stable,9.3,9.9,8.7,4.9,6.5,Maybe,Informal,Some,40.5,0.8,14.7,7.6,6.3,12.2,14.8
NEPS-GHA-0041,18,5.9,5.3,8.8,Supportive,Multiple,Never,Undecided,4.6,8.8,Yes,16,Severe,9.8,,5.6,Smartphone,Stable,2.9,4.0,3.0,8.3,9.2,Maybe,Religious,,91.9,13.8,18.1,9.3,12.9,1.8,10.0
NEPS-GHA-0041,24,1.8,5.9,8.9,Hostile,Verbal,Often,Undecided,3.2,0.2,No,18,Mild,8.8,,2.5,Basic phone,Highly unstable,7.3,0.9,7.1,6.3,1.7,No,,,79.1,10.2,19.0,7.6,7.6,15.4,18.2
NEPS-GHA-0042,6,5.7,6.6,1.5,Supportive,Verbal,Never,Undecided,3.1,7.3,No,9,Mild,1.2,Family expects,9.6,Smartphone,Highly unstable,7.7,0.1,5.0,5.0,16.1,No,,Good,21.7,13.2,9.1,8.8,12.0,0.1,17.6
NEPS-GHA-0042,12,2.8,6.3,8.2,Supportive,,Rarely,Vocational,0.6,3.5,Yes,1,Moderate,3.3,,0.5,,Stable,1.6,2.8,6.6,7.0,11.4,No,Informal,Some,74.9,7.2,0.7,15.4,6.5,18.0,16.4
NEPS-GHA-0042,18,7.6,8.4,0.6,Neutral,Verbal,Never,Employment,3.3,4.1,Yes,6,,1.1,,4.8,Shared,Some instability,6.1,3.2,5.3,10.0,7.1,Yes,,,72.9,10.0,16.2,17.7,4.7,5.8,3.9
NEPS-GHA-0042,24,1.2,4.6,8.0,Hostile,Verbal,Often,Undecided,0.5,3.5,Don't know,6,,6.4,Self pressure,2.5,Smartphone,Some instability,3.0,5.5,7.7,1.1,6.7,Maybe,Professional,Good,19.4,16.7,18.4,9.6,9.5,0.7,2.7
NEPS-GHA-0043,6,1.6,4.6,8.7,Neutral,Cyber,Often,University,8.4,3.0,Don't know,10,,2.1,Self pressure,8.0,Shared,Stable,9.7,2.8,0.3,9.8,12.5,Yes,,Good,59.5,17.3,15.0,14.1,6.3,0.6,8.3
NEPS-GHA-0043,12,5.0,2.4,4.5,Neutral,Verbal,Sometimes,Vocational,1.1,7.8,Yes,2,Severe,5.1,Financial need,9.0,Basic phone,Stable,3.4,4.8,8.7,3.1,6.5,Yes,Informal,Good,72.5,9.2,14.3,10.4,0.1,18.6,13.7
NEPS-GHA-0043,18,5.9,0.9,4.7,Supportive,,Sometimes,University,5.8,3.1,Yes,10,Mild,1.9,Self pressure,5.3,,Highly unstable,1.2,1.5,2.7,0.2,12.5,No,Professional,Good,54.3,11.0,5.4,18.9,16.1,11.5,3.4
NEPS-GHA-0043,24,3.1,8.9,5.4,Supportive,Verbal,Never,Undecided,9.0,0.5,No,1,,4.3,Family expects,7.0,,Highly unstable,3.6,3.3,2.0,7.6,16.2,Yes,,,13.2,16.3,18.4,9.4,9.1,13.7,14.2
NEPS-GHA-0044,6,4.7,2.3,2.2,Hostile,Physical,Sometimes,Undecided,1.8,9.2,No,10,Severe,4.9,,4.8,Shared,Some instability,4.6,1.7,7.7,6.0,2.5,Yes,,,79.7,6.5,13.0,15.8,10.7,8.0,8.3
NEPS-GHA-0044,12,6.2,5.5,9.7,Neutral,,Sometimes,Vocational,8.1,5.9,No,18,Moderate,5.4,Family expects,1.7,Smartphone,Highly unstable,9.3,5.7,4.9,5.9,9.3,No,Professional,Some,17.6,19.1,1.4,2.2,16.3,15.4,7.6
NEPS-GHA-0044,18,4.9,6.6,0.9,Supportive,Multiple,Never,Vocational,6.6,4.5,No,12,Severe,2.0,Self pressure,3.0,Shared,Some instability,7.2,9.2,9.9,5.8,12.2,No,,Good,85.3,1.2,18.0,19.4,0.0,11.2,19.6
NEPS-GHA-0044,24,1.1,2.8,0.3,Neutral,Multiple,Often,Employment,7.1,4.1,No,17,Mild,6.6,Financial need,1.4,,Some instability,8.4,1.5,10.0,6.7,2.7,Yes,Professional,Good,72.1,9.7,8.7,19.8,1.7,12.8,8.3
NEPS-GHA-0045,6,4.6,7.9,6.0,Neutral,Multiple,Rarely,Undecided,5.1,5.5,No,12,Moderate,2.3,Financial need,6.0,,Highly unstable,2.4,5.0,4.1,5.5,7.3,Yes,,,36.9,11.6,19.2,1.6,14.6,10.5,17.2
NEPS-GHA-0045,12,7.5,2.8,5.2,Hostile,Multiple,Never,Vocational,4.7,7.4,Don't know,2,Moderate,6.1,Self pressure,5.4,Smartphone,Some instability,4.5,9.1,5.7,3.3,7.1,Maybe,Religious,Good,3.5,18.5,15.0,14.5,11.3,1.2,9.5
NEPS-GHA-0045,18,1.7,0.5,9.9,Hostile,Multiple,Never,Employment,4.8,1.3,Yes,8,Moderate,1.3,Self pressure,2.8,Shared,Stable,7.4,6.0,9.1,7.4,13.2,Maybe,Informal,Some,78.3,4.7,3.6,10.5,0.7,19.7,19.3
NEPS-GHA-0045,24,6.0,8.2,8.4,Neutral,Cyber,Rarely,Undecided,7.3,1.7,Don't know,11,,6.4,,0.5,,Some instability,4.8,4.8,9.5,9.2,4.7,No,,Some,26.3,10.6,8.7,5.8,15.9,7.6,6.3
NEPS-GHA-0046,6,5.3,9.6,1.0,Hostile,Physical,Often,Employment,3.3,2.7,Yes,8,Severe,4.6,Family expects,7.3,Basic phone,Highly unstable,3.4,6.9,1.8,5.5,13.5,Yes,Professional,Some,9.8,2.1,8.9,4.4,5.7,3.9,0.5
NEPS-GHA-0046,12,0.9,9.4,6.6,Supportive,Multiple,Never,University,0.9,6.0,No,20,Mild,9.0,Family expects,2.5,,Highly unstable,9.4,6.4,9.2,2.8,8.5,No,Religious,Some,16.2,1.5,15.5,7.7,6.7,1.2,19.1
NEPS-GHA-0046,18,2.6,4.4,4.9,Supportive,Multiple,Often,Vocational,6.5,1.1,Don't know,13,Mild,6.1,,9.1,Shared,Stable,0.3,0.7,7.3,7.8,0.4,Maybe,Informal,,64.0,18.7,13.3,5.3,14.0,18.1,11.5
NEPS-GHA-0046,24,5.2,9.4,4.9,Neutral,Cyber,Never,Vocational,0.0,9.5,No,3,Moderate,3.3,Self pressure,4.0,Smartphone,Some instability,5.3,9.6,0.8,4.6,15.3,No,Informal,Good,55.4,19.4,13.2,6.0,7.8,2.1,13.8
NEPS-GHA-0047,6,4.9,8.9,4.4,Supportive,Verbal,Never,Vocational,0.3,10.0,Yes,15,Severe,0.6,Self pressure,5.0,,Stable,0.4,0.6,7.9,0.4,2.4,No,,,87.0,10.7,14.8,4.7,1.4,14.7,9.8
NEPS-GHA-0047,12,0.2,9.1,6.2,Supportive,Verbal,Never,Vocational,6.3,9.0,Yes,14,Mild,8.4,,8.2,Smartphone,Stable,5.0,8.0,2.2,8.0,8.5,No,,Some,12.1,13.7,10.9,6.4,19.3,4.3,0.9
NEPS-GHA-0047,18,1.7,0.6,2.7,Neutral,Verbal,Sometimes,Vocational,4.4,9.3,Yes,4,,7.9,Financial need,7.8,Smartphone,Some instability,0.8,0.1,9.3,7.1,11.9,Maybe,,,80.7,15.5,13.8,4.1,12.8,10.5,8.2
NEPS-GHA-0047,24,9.4,6.1,0.4,Supportive,Cyber,Never,Employment,3.5,0.0,Yes,6,,9.9,,6.2,Basic phone,Some instability,7.7,6.6,2.8,1.9,15.9,No,,Some,17.6,13.4,0.9,12.9,5.7,8.7,6.7
NEPS-GHA-0048,6,8.1,7.6,0.4,Hostile,,Rarely,Vocational,7.9,4.9,Yes,2,Mild,7.2,Self pressure,4.2,Shared,Stable,7.8,3.3,1.0,7.4,17.4,Maybe,Informal,Good,47.1,9.7,17.8,2.9,18.6,9.1,7.7
NEPS-GHA-0048,12,1.4,7.2,6.3,Neutral,Verbal,Sometimes,Vocational,0.3,5.7,No,4,,8.5,Financial need,4.2,Shared,Stable,8.9,6.0,7.9,6.4,12.2,Yes,Informal,Good,41.2,10.4,17.2,4.3,9.5,9.3,0.3
NEPS-GHA-0048,18,4.3,8.7,2.5,Neutral,Multiple,Rarely,Vocational,9.1,9.0,No,1,,9.9,,4.3,,Some instability,8.1,7.0,1.0,5.0,1.7,Yes,,Good,13.3,5.9,13.0,1.8,9.6,6.1,14.1
NEPS-GHA-0048,24,8.6,7.5,0.2,Neutral,Cyber,Rarely,Undecided,1.8,8.7,Don't know,14,,8.6,,3.8,Shared,Highly unstable,0.3,4.3,2.7,9.5,10.8,Yes,Professional,,88.1,14.7,1.1,18.9,13.5,17.8,2.2
NEPS-GHA-0049,6,3.7,6.2,3.7,Supportive,Multiple,Never,Vocational,1.4,3.3,Don't know,3,Severe,7.4,Family expects,7.5,Basic phone,Some instability,3.5,2.7,6.8,2.8,1.3,Maybe,,Some,50.1,16.6,9.4,10.6,16.5,18.0,9.0
NEPS-GHA-0049,12,3.7,6.7,6.9,Supportive,Verbal,Often,University,0.8,9.0,No,2,,1.6,,7.0,,Stable,8.7,5.2,6.3,2.9,19.4,No,Informal,Some,34.7,8.9,12.9,5.8,1.3,17.4,4.6
NEPS-GHA-0049,18,9.5,6.4,4.1,Neutral,Physical,Often,Undecided,4.6,5.7,No,5,Moderate,2.3,Self pressure,9.7,Smartphone,Stable,3.5,4.6,1.7,9.2,14.2,Maybe,Informal,Good,83.9,13.9,13.3,3.1,4.8,0.8,6.3
NEPS-GHA-0049,24,1.3,2.6,1.8,Hostile,,Sometimes,Employment,1.5,4.5,Yes,17,Moderate,1.2,,4.0,,Stable,9.5,9.3,1.6,9.7,10.9,No,Religious,,70.5,9.5,5.8,18.9,19.6,11.5,2.9
NEPS-GHA-0050,6,5.7,9.1,4.4,Hostile,,Often,University,1.4,5.5,No,0,Severe,6.2,Family expects,4.5,Smartphone,Some instability,0.6,6.4,5.8,2.2,18.7,Maybe,Informal,Good,8.4,17.0,13.5,19.2,19.5,7.9,9.8
NEPS-GHA-0050,12,6.0,5.1,0.6,Hostile,Physical,Often,Vocational,7.2,4.3,No,11,,2.8,Self pressure,3.1,,Highly unstable,0.9,7.3,4.4,9.9,16.1,Maybe,Informal,,97.0,8.5,17.9,2.8,11.7,1.7,4.2
NEPS-GHA-0050,18,4.7,8.7,9.9,Supportive,Multiple,Often,University,0.1,6.4,No,13,Mild,5.6,Family expects,2.0,,Some instability,5.5,0.4,8.3,8.3,6.1,No,,Good,2.7,0.0,5.3,19.1,16.7,9.5,13.1
NEPS-GHA-0050,24,8.9,4.2,4.9,Hostile,Verbal,Never,University,7.6,4.9,Yes,19,Moderate,5.8,Financial need,8.7,,Highly unstable,8.2,3.7,7.3,0.2,5.2,No,Professional,Good,32.0,17.6,2.7,3.3,5.5,8.4,18.2
NEPS-SIE-0051,6,3.6,2.9,5.3,Supportive,Multiple,Rarely,Vocational,7.6,6.0,Yes,17,Moderate,8.7,Self pressure,2.7,Shared,Stable,5.3,3.5,1.4,1.4,5.6,Maybe,,Some,92.1,3.3,4.4,10.1,16.6,15.9,11.2
NEPS-SIE-0051,12,6.9,9.5,8.5,Hostile,Multiple,Never,Undecided,4.6,0.8,Yes,0,Severe,3.5,Self pressure,1.4,,Highly unstable,5.2,9.7,1.7,3.0,14.9,Yes,Informal,Good,85.7,2.8,4.5,2.5,2.6,1.6,13.8
NEPS-SIE-0051,18,7.8,0.8,7.7,Neutral,,Rarely,University,0.3,6.6,Don't know,1,Severe,1.2,Self pressure,0.4,Shared,Highly unstable,0.1,1.0,1.2,6.0,11.8,Yes,Informal,,35.2,1.8,16.9,18.8,19.0,7.0,3.2
NEPS-SIE-0051,24,5.0,7.3,2.4,Hostile,,Never,University,5.3,7.2,No,5,,9.7,,9.2,,Some instability,7.0,1.9,6.7,1.1,16.7,Maybe,,Good,51.4,8.2,15.2,6.3,9.3,10.4,9.9
NEPS-SIE-0052,6,3.6,2.9,7.2,Supportive,Physical,Often,University,3.8,4.6,Don't know,9,Severe,2.3,Financial need,2.9,,Stable,8.6,8.9,8.0,9.4,7.3,Yes,,,10.5,8.8,13.2,1.7,2.9,8.0,11.8
NEPS-SIE-0052,12,1.0,9.3,9.8,Supportive,Physical,Rarely,Employment,2.0,8.4,No,3,Mild,8.4,Financial need,2.8,Shared,Highly unstable,9.4,3.6,6.7,9.5,19.8,No,Religious,Good,76.8,2.2,5.0,9.9,12.6,2.7,2.0
NEPS-SIE-0052,18,0.5,0.7,6.8,Supportive,Cyber,Sometimes,Vocational,3.0,6.2,Yes,16,Severe,7.9,Family expects,2.9,,Some instability,5.0,5.4,8.1,5.4,0.4,Yes,,Good,38.4,6.3,7.5,9.2,0.7,11.1,17.2
NEPS-SIE-0052,24,3.0,7.1,4.9,Supportive,Physical,Often,Undecided,7.6,5.7,No,17,Severe,4.8,Family expects,5.1,,Some instability,4.9,9.7,6.2,3.5,19.6,Maybe,Professional,Good,59.0,2.6,7.3,16.2,11.7,15.3,12.5
NEPS-SIE-0053,6,3.8,4.3,9.9,Neutral,Physical,Never,Vocational,2.5,6.5,Don't know,2,,8.7,,3.4,Smartphone,Highly unstable,3.3,4.6,8.6,5.7,18.0,Maybe,Professional,,47.0,0.4,6.3,11.4,6.4,2.0,9.8
NEPS-SIE-0053,12,6.9,2.1,5.0,Hostile,Physical,Rarely,Employment,3.6,4.4,No,20,,8.4,Family expects,2.9,Smartphone,Some instability,10.0,4.0,2.3,7.4,1.8,No,Professional,,33.7,1.3,16.0,9.5,4.2,15.9,13.0
NEPS-SIE-0053,18,3.0,8.0,4.3,Hostile,Physical,Rarely,Undecided,4.0,6.2,No,17,Mild,8.8,Family expects,5.8,Basic phone,Highly unstable,9.6,7.4,4.7,9.4,10.7,No,,,72.7,1.2,4.0,9.2,4.8,14.9,15.3
NEPS-SIE-0053,24,8.4,4.1,8.6,Supportive,Verbal,Often,Employment,8.2,6.5,No,19,Mild,4.1,,1.5,Smartphone,Stable,8.0,3.1,4.9,9.9,8.4,Yes,Informal,Good,27.3,0.6,15.8,5.6,11.0,12.9,0.8
NEPS-SIE-0054,6,7.2,7.8,0.6,Supportive,Physical,Sometimes,University,9.0,4.1,No,2,Severe,9.4,Family expects,2.4,Smartphone,Highly unstable,6.6,5.8,7.8,5.3,9.9,Yes,Informal,,12.2,16.1,6.6,11.7,7.8,15.0,4.7
NEPS-SIE-0054,12,4.2,1.4,1.8,Neutral,Cyber,Often,Employment,8.6,0.6,Don't know,11,,3.2,Financial need,4.7,Basic phone,Some instability,8.8,9.4,3.6,7.2,16.4,Yes,Professional,,66.2,18.8,13.8,15.8,4.8,11.1,6.2
NEPS-SIE-0054,18,9.6,3.6,8.1,Supportive,Multiple,Rarely,Undecided,3.9,9.1,No,8,Moderate,0.9,Family expects,3.0,Basic phone,Some instability,6.3,8.8,7.7,4.1,0.7,Yes,,Some,73.7,18.5,6.7,8.4,18.4,2.0,3.2
NEPS-SIE-0054,24,2.6,0.7,4.2,Hostile,Multiple,Sometimes,Undecided,7.0,7.6,Don't know,20,Mild,6.3,Family expects,0.0,Basic phone,Highly unstable,3.1,5.8,1.1,2.5,14.3,No,Informal,,68.6,15.9,6.4,9.6,14.7,5.2,13.7
NEPS-SIE-0055,6,8.3,8.0,2.0,Neutral,Physical,Rarely,Undecided,8.8,9.4,Don't know,7,,9.5,Family expects,9.1,,Stable,2.6,8.5,0.5,6.2,12.0,Yes,Professional,Some,17.0,11.3,0.3,10.5,15.5,18.6,16.5
NEPS-SIE-0055,12,4.9,2.2,2.0,Neutral,Physical,Often,Undecided,1.3,8.6,Don't know,6,Moderate,7.3,Family expects,4.2,,Stable,0.3,9.8,2.4,4.5,5.0,No,,Good,1.0,2.7,6.5,13.9,13.7,14.3,14.2
NEPS-SIE-0055,18,7.4,2.6,1.0,Supportive,,Sometimes,Vocational,4.7,3.5,Don't know,19,,0.1,Financial need,3.0,,Highly unstable,3.7,9.7,5.6,5.8,5.2,No,,Some,87.8,2.6,6.3,10.6,2.8,2.3,0.9
NEPS-SIE-0055,24,1.3,8.7,8.3,Hostile,Physical,Often,Employment,9.0,2.6,No,16,Moderate,4.4,Family expects,3.2,,Stable,5.6,9.2,6.4,4.4,3.8,Yes,Informal,Good,3.6,5.2,14.1,8.7,19.9,18.5,0.8
NEPS-SIE-0056,6,3.6,7.1,4.9,Neutral,,Rarely,University,3.5,2.0,No,5,Mild,7.5,Self pressure,5.6,Basic phone,Highly unstable,10.0,0.0,7.7,1.8,18.4,Yes,,,9.4,6.6,5.7,19.6,2.4,7.5,18.6
NEPS-SIE-0056,12,1.1,3.2,0.3,Neutral,Cyber,Often,Employment,5.9,0.1,Yes,20,Severe,3.2,Family expects,2.1,Smartphone,Highly unstable,2.8,8.0,7.4,5.5,12.0,Yes,,Some,17.8,19.3,17.3,1.8,17.0,3.3,15.6
NEPS-SIE-0056,18,2.8,7.5,6.5,Supportive,Physical,Often,Undecided,7.4,9.2,Don't know,19,Mild,3.6,,8.3,Basic phone,Some instability,4.5,3.9,2.7,6.0,1.8,Maybe,Religious,,18.6,12.6,1.9,10.3,19.5,13.5,13.0
NEPS-SIE-0056,24,7.1,9.3,5.3,Hostile,Multiple,Never,Employment,4.7,0.8,No,9,Mild,9.8,Self pressure,8.4,,Some instability,5.7,5.5,9.2,5.1,10.2,Maybe,Professional,Some,66.1,11.4,5.1,5.1,1.6,10.1,2.3
NEPS-SIE-0057,6,6.6,1.8,1.8,Neutral,,Never,Undecided,8.8,3.0,Don't know,14,Severe,6.2,Self pressure,3.4,Basic phone,Stable,1.9,7.5,6.0,8.7,2.1,No,Professional,Good,39.5,0.3,13.1,9.2,8.1,13.2,14.9
NEPS-SIE-0057,12,7.3,3.0,8.1,Hostile,Physical,Often,Employment,0.9,1.4,Yes,3,,7.0,Family expects,8.6,Basic phone,Some instability,6.5,6.5,4.4,6.3,15.8,Yes,Professional,Some,77.0,3.0,8.4,2.3,18.0,14.8,8.9
NEPS-SIE-0057,18,4.9,0.2,4.5,Supportive,Verbal,Sometimes,Undecided,0.5,0.1,Don't know,13,Severe,8.5,Self pressure,0.4,,Some instability,5.1,7.2,9.4,9.1,17.4,Yes,Professional,,1.9,11.5,11.1,5.4,13.0,17.8,2.3
NEPS-SIE-0057,24,6.2,6.5,4.5,Neutral,,Rarely,Employment,7.3,4.7,No,7,Mild,5.9,Self pressure,9.2,,Stable,8.8,7.2,3.9,4.2,18.8,No,Religious,Some,80.0,16.9,12.4,5.6,15.0,13.3,2.6
NEPS-SIE-0058,6,2.0,6.1,1.0,Neutral,Cyber,Sometimes,Vocational,2.1,0.5,Yes,11,Moderate,3.6,Family expects,1.7,Smartphone,Stable,3.4,1.1,2.3,5.6,9.7,Maybe,Religious,Good,77.0,11.1,17.9,17.1,17.5,12.1,2.1
NEPS-SIE-0058,12,0.5,9.5,8.0,Supportive,,Never,University,5.1,1.7,Yes,6,Moderate,1.6,Self pressure,7.1,,Highly unstable,8.7,1.5,3.6,8.2,2.5,Yes,,Some,76.9,0.1,16.7,9.5,5.7,3.4,5.3
NEPS-SIE-0058,18,7.2,4.2,6.3,Supportive,Verbal,Often,Vocational,1.4,4.3,No,14,Moderate,9.4,Financial need,1.5,Smartphone,Highly unstable,8.1,9.4,0.8,3.1,19.6,Yes,,Good,39.3,0.7,18.5,3.0,11.5,19.6,19.6
NEPS-SIE-0058,24,8.0,8.8,9.7,Neutral,Cyber,Sometimes,Employment,9.1,0.1,No,16,Mild,7.0,Financial need,6.4,,Highly unstable,3.5,8.1,6.5,7.8,17.6,Yes,Professional,,33.4,14.5,14.8,2.5,19.8,5.7,1.9
NEPS-SIE-0059,6,5.5,5.2,7.6,Supportive,,Never,Employment,2.4,7.7,Don't know,13,,7.3,Self pressure,2.6,Shared,Stable,0.5,6.5,1.2,3.0,14.7,Maybe,Religious,Good,80.5,19.8,11.3,17.9,12.6,10.7,11.9
NEPS-SIE-0059,12,3.5,2.8,7.8,Hostile,Multiple,Rarely,Undecided,5.2,2.5,No,16,Mild,8.2,Self pressure,4.5,Basic phone,Highly unstable,4.3,4.1,0.9,4.2,2.6,Yes,,Good,36.9,10.5,11.8,10.4,7.9,5.3,10.0
NEPS-SIE-0059,18,4.2,4.4,9.3,Neutral,Cyber,Rarely,Vocational,5.1,4.8,No,4,,6.9,Financial need,4.7,Basic phone,Highly unstable,3.7,9.5,6.0,4.1,2.4,No,Religious,Good,52.3,2.4,6.1,7.5,5.9,0.6,2.9
NEPS-SIE-0059,24,7.8,4.2,9.4,Neutral,Physical,Rarely,Vocational,8.2,4.9,Yes,17,Moderate,0.7,,4.2,Shared,Highly unstable,4.5,3.4,3.8,8.3,16.7,Yes,Informal,,63.6,15.2,13.3,3.0,14.6,1.8,12.5
NEPS-SIE-0060,6,6.2,3.9,9.0,Neutral,Multiple,Never,Undecided,7.4,6.5,Yes,0,Moderate,5.6,,6.4,Smartphone,Stable,9.6,5.4,7.6,9.6,10.4,Maybe,Professional,Good,65.8,10.6,19.2,5.5,4.1,16.6,16.8
NEPS-SIE-0060,12,5.8,0.8,5.3,Neutral,Cyber,Never,Undecided,8.6,0.2,No,5,Severe,0.2,Self pressure,3.8,Smartphone,Stable,9.8,5.4,2.9,1.8,15.4,Yes,Religious,Some,67.9,1.2,19.2,3.6,14.3,6.0,2.0
NEPS-SIE-0060,18,1.4,8.9,2.6,Supportive,,Rarely,Vocational,7.5,5.9,No,16,Severe,9.5,Self pressure,0.6,,Highly unstable,4.1,4.8,4.1,2.3,17.7,Maybe,Professional,Good,76.3,13.0,2.5,11.4,8.9,16.9,10.0
NEPS-SIE-0060,24,7.8,1.4,5.4,Supportive,Verbal,Often,Undecided,0.4,8.1,Don't know,9,Mild,0.0,Financial need,2.7,Shared,Highly unstable,3.8,3.5,6.3,5.9,10.2,Yes,Informal,,53.4,1.4,1.8,14.0,16.6,14.5,20.0
NEPS-SIE-0061,6,8.8,2.1,5.0,Neutral,Physical,Sometimes,Undecided,2.7,6.6,No,10,Mild,4.6,Self pressure,0.2,Basic phone,Highly unstable,9.2,6.1,0.0,0.1,3.5,No,,Some,53.8,15.7,13.0,1.6,0.6,16.6,13.4
NEPS-SIE-0061,12,6.7,3.5,8.1,Hostile,Physical,Often,Vocational,8.4,8.1,Yes,3,Severe,3.7,Family expects,4.4,Basic phone,Highly unstable,0.2,2.8,9.2,3.6,1.8,No,Religious,,22.1,19.6,19.3,0.7,9.9,14.1,12.1
NEPS-SIE-0061,18,0.1,9.8,6.4,Supportive,Physical,Often,Vocational,5.5,6.6,Don't know,19,Mild,0.7,Family expects,7.5,Basic phone,Some instability,9.3,8.6,8.8,7.3,5.5,No,Professional,,67.8,12.3,13.6,17.7,0.0,8.5,13.5
NEPS-SIE-0061,24,6.5,8.5,3.2,Neutral,Physical,Never,Undecided,5.0,5.2,Yes,7,,2.8,Financial need,5.3,Shared,Stable,3.9,3.3,8.8,8.1,19.8,Yes,,Good,91.7,3.9,6.6,1.3,12.5,0.6,8.6
NEPS-SIE-0062,6,0.2,8.0,9.4,Neutral,Verbal,Never,Undecided,2.4,3.4,Yes,10,Mild,9.4,Financial need,7.6,,Highly unstable,1.2,9.7,9.2,3.8,17.8,No,Professional,Good,6.2,16.0,1.1,12.2,8.6,2.0,1.1
NEPS-SIE-0062,12,0.5,8.5,4.0,Hostile,Cyber,Rarely,University,4.5,4.6,No,19,,3.4,,4.5,Shared,Highly unstable,1.9,1.0,6.0,0.7,15.8,Yes,Informal,,50.9,7.1,9.6,12.4,3.7,2.8,0.9
NEPS-SIE-0062,18,1.3,5.8,5.1,Hostile,Physical,Sometimes,Vocational,1.5,3.1,No,9,Moderate,9.7,Family expects,0.6,Smartphone,Some instability,3.4,9.8,6.4,2.0,1.4,Yes,,,69.2,9.3,13.8,17.0,11.3,6.7,6.0
NEPS-SIE-0062,24,3.3,1.0,8.8,Supportive,Cyber,Rarely,University,6.4,6.9,No,19,Mild,2.4,Self pressure,8.1,,Stable,4.0,8.3,0.1,0.1,7.2,No,Professional,Good,29.1,3.9,11.7,15.3,0.9,0.6,4.0
NEPS-SIE-0063,6,1.7,8.9,7.2,Neutral,Multiple,Rarely,Vocational,2.0,1.8,No,3,,8.3,Family expects,3.8,Smartphone,Some instability,9.4,3.1,2.4,8.1,13.2,No,,,6.5,2.9,18.5,15.9,3.8,7.6,7.5
NEPS-SIE-0063,12,6.0,9.8,2.4,Supportive,Multiple,Rarely,Employment,7.9,3.3,Yes,20,Moderate,8.7,Financial need,2.1,Smartphone,Some instability,7.9,6.1,1.7,3.9,17.6,No,Religious,Some,51.9,3.6,14.2,10.5,9.7,19.1,9.5
NEPS-SIE-0063,18,5.8,6.4,7.9,Hostile,,Rarely,Vocational,8.9,4.5,Yes,12,Mild,3.1,Financial need,5.7,Shared,Some instability,5.5,1.3,0.8,4.4,7.0,No,Professional,Some,51.2,6.7,9.0,8.7,7.4,10.0,5.5
NEPS-SIE-0063,24,0.2,4.4,2.7,Supportive,Physical,Never,Employment,8.4,5.1,Don't know,2,Moderate,9.3,,1.2,Shared,Stable,5.5,3.3,6.8,2.5,14.9,No,Religious,Good,70.6,20.0,20.0,15.0,14.8,18.2,0.2
NEPS-SIE-0064,6,3.0,8.2,7.8,Neutral,Cyber,Never,Undecided,6.5,9.9,Yes,12,Mild,2.3,Family expects,4.7,,Highly unstable,8.1,3.4,0.9,8.5,8.6,No,,Good,43.9,17.1,0.6,2.8,17.5,6.1,14.8
NEPS-SIE-0064,12,5.0,6.6,3.5,Supportive,Cyber,Often,Undecided,7.6,6.9,No,10,,5.7,,9.2,Basic phone,Some instability,5.7,8.0,9.1,5.7,7.8,Maybe,Informal,Some,6.4,7.7,9.5,6.6,19.2,12.8,6.1
NEPS-SIE-0064,18,1.7,6.7,1.8,Hostile,Multiple,Often,University,1.9,0.7,No,9,Mild,2.3,,4.5,Shared,Highly unstable,0.1,3.3,9.1,3.9,19.8,Yes,,Some,74.3,7.8,18.1,4.1,17.4,6.2,16.4
NEPS-SIE-0064,24,6.6,1.6,5.8,Neutral,Multiple,Rarely,Undecided,2.8,0.1,Yes,14,,8.2,Family expects,5.3,,Some instability,4.6,0.4,0.9,6.5,18.4,Maybe,Religious,Some,61.3,16.2,3.5,5.0,18.0,14.7,9.2
NEPS-SIE-0065,6,9.1,1.8,5.7,Neutral,,Rarely,Vocational,2.7,6.3,No,2,Mild,9.1,Financial need,9.9,Smartphone,Some instability,0.8,1.1,7.7,3.3,9.0,Maybe,Informal,,4.5,0.5,12.8,13.5,9.2,6.9,8.0
NEPS-SIE-0065,12,1.9,0.4,2.5,Hostile,Verbal,Sometimes,Undecided,4.8,0.7,Don't know,7,Severe,1.4,Self pressure,8.4,Basic phone,Stable,6.1,1.8,1.2,7.4,3.4,No,Professional,,27.3,8.8,3.6,14.3,17.9,10.6,8.8
NEPS-SIE-0065,18,0.5,6.3,5.2,Hostile,,Often,Employment,4.4,6.0,Yes,12,Mild,9.3,Self pressure,9.1,Basic phone,Stable,0.2,0.3,0.1,8.2,13.6,Yes,Informal,Good,79.7,16.6,3.4,3.3,8.3,2.2,6.5
NEPS-SIE-0065,24,5.6,1.9,2.1,Hostile,Cyber,Often,University,2.3,1.1,No,5,,4.0,Self pressure,0.1,Basic phone,Some instability,2.2,6.6,2.8,6.2,0.9,Yes,,Some,76.8,10.0,19.8,14.3,15.8,18.4,11.4
NEPS-SIE-0066,6,2.5,0.9,3.2,Hostile,Cyber,Rarely,Employment,1.8,7.6,Don't know,10,Severe,0.7,,6.1,,Some instability,5.1,7.4,5.0,7.0,0.3,Yes,Professional,Some,23.6,8.6,4.9,1.6,2.8,10.0,4.0
NEPS-SIE-0066,12,3.8,6.4,2.4,Hostile,Multiple,Often,Employment,1.3,3.2,Yes,16,Severe,6.5,Self pressure,7.5,Basic phone,Highly unstable,3.3,2.4,5.4,9.1,13.3,Yes,Informal,,87.3,10.4,3.7,12.6,1.3,9.8,19.1
NEPS-SIE-0066,18,0.5,9.9,9.4,Supportive,,Rarely,Vocational,2.4,0.8,Don't know,14,Moderate,1.6,Family expects,2.4,Basic phone,Highly unstable,2.5,2.9,4.5,6.4,5.4,Maybe,Professional,Some,39.8,3.4,8.8,10.1,14.7,15.2,16.4
NEPS-SIE-0066,24,7.9,0.2,3.8,Supportive,Physical,Rarely,Vocational,2.6,4.6,No,9,Severe,5.6,Financial need,0.7,Basic phone,Highly unstable,4.7,1.5,1.9,0.1,10.0,No,Religious,Some,40.5,8.3,7.9,14.8,7.7,6.2,19.8
NEPS-SIE-0067,6,0.7,8.8,9.9,Supportive,Cyber,Rarely,Vocational,7.6,9.6,Don't know,11,Severe,6.3,Self pressure,7.0,,Some instability,7.4,2.4,0.3,8.1,12.6,No,Professional,,66.6,3.0,12.1,18.9,2.9,4.9,11.6
NEPS-SIE-0067,12,6.6,1.6,1.2,Supportive,Cyber,Often,University,5.2,1.9,No,5,Severe,2.5,Self pressure,5.0,,Highly unstable,3.1,4.1,8.8,7.3,1.8,No,Religious,Good,26.9,4.2,15.0,14.0,0.1,3.4,9.8
NEPS-SIE-0067,18,1.0,7.7,4.2,Neutral,Physical,Often,Vocational,1.8,1.9,Yes,6,Severe,1.8,,4.5,Basic phone,Stable,2.0,7.5,8.1,1.9,19.7,Maybe,,,91.3,2.2,12.7,1.6,1.7,2.5,1.3
NEPS-SIE-0067,24,0.3,2.3,4.9,Supportive,,Never,Employment,7.5,0.1,Don't know,1,,2.1,,3.8,Shared,Some instability,4.7,3.4,4.3,3.7,17.8,Maybe,Informal,Some,66.5,7.6,1.1,7.1,6.6,2.0,9.1
NEPS-SIE-0068,6,7.0,7.3,8.9,Supportive,,Never,Employment,9.5,7.5,Yes,11,Severe,6.2,Financial need,5.1,Basic phone,Stable,9.9,9.6,8.1,0.2,7.2,Yes,Religious,,44.4,12.1,8.0,12.3,1.6,8.6,18.6
NEPS-SIE-0068,12,9.3,9.9,8.6,Supportive,Cyber,Sometimes,Vocational,7.1,8.7,Don't know,16,,1.3,,3.0,,Stable,9.0,9.6,4.8,5.4,4.9,Yes,Professional,Good,43.5,14.3,3.2,18.6,18.1,15.3,4.4
NEPS-SIE-0068,18,2.6,4.8,9.0,Supportive,Verbal,Often,University,8.0,3.3,Yes,18,,6.4,Financial need,9.1,,Highly unstable,6.4,5.6,8.6,8.1,4.5,Yes,Religious,Good,11.1,6.8,11.8,3.8,18.8,11.5,2.5
NEPS-SIE-0068,24,3.1,3.8,7.4,Neutral,,Rarely,Undecided,9.8,3.2,No,4,Mild,1.1,,5.4,,Some instability,1.4,9.4,8.4,5.0,9.1,No,Religious,Good,74.7,17.0,16.6,0.7,6.4,10.0,13.8
NEPS-SIE-0069,6,2.7,8.5,5.7,Hostile,Verbal,Often,Employment,7.0,3.8,No,4,Mild,8.5,Family expects,7.0,Smartphone,Stable,8.6,7.3,3.0,8.2,18.2,Yes,Professional,,39.2,8.4,9.5,7.0,7.8,1.4,14.5
NEPS-SIE-0069,12,2.8,9.2,7.0,Hostile,Cyber,Never,Vocational,3.2,7.9,Yes,9,Severe,6.5,Family expects,4.4,,Some instability,9.0,2.1,8.0,2.0,13.0,Maybe,Professional,,78.5,17.2,7.5,19.7,13.6,3.4,1.1
NEPS-SIE-0069,18,3.6,4.7,9.5,Supportive,Multiple,Sometimes,Undecided,9.7,6.3,No,7,,1.2,Financial need,4.9,Basic phone,Highly unstable,7.5,7.8,9.9,6.7,1.8,Maybe,,Some,63.2,8.9,0.2,2.3,2.4,12.8,18.2
NEPS-SIE-0069,24,2.2,5.9,9.9,Neutral,Physical,Never,Vocational,3.8,10.0,Don't know,13,Moderate,5.7,,3.3,Basic phone,Some instability,8.1,0.2,5.6,5.4,16.2,Maybe,Professional,,83.7,10.8,16.4,13.0,15.1,4.1,13.2
NEPS-SIE-0070,6,1.2,8.6,7.0,Supportive,Multiple,Often,Employment,1.2,1.3,Yes,20,Mild,0.9,Self pressure,8.5,Smartphone,Stable,9.8,5.1,3.6,5.4,8.5,No,Professional,Good,30.1,18.9,10.4,15.7,13.2,8.9,11.5
NEPS-SIE-0070,12,7.0,5.2,9.9,Neutral,Multiple,Rarely,University,6.6,0.4,Yes,6,Mild,3.0,Family expects,9.6,Basic phone,Highly unstable,3.6,1.3,6.2,0.7,5.1,Maybe,Informal,Some,45.6,18.9,13.5,18.8,2.9,4.1,12.6
NEPS-SIE-0070,18,2.7,6.3,6.5,Hostile,Physical,Rarely,Undecided,8.2,3.2,No,12,,9.6,Family expects,0.8,Smartphone,Highly unstable,1.1,5.5,0.7,6.4,7.3,Maybe,Religious,Good,86.9,4.5,0.2,7.5,19.4,7.6,2.1
NEPS-SIE-0070,24,9.3,1.8,7.3,Neutral,Multiple,Often,University,5.3,7.0,No,17,Moderate,6.1,,1.7,,Stable,3.5,7.4,9.7,5.3,11.9,Maybe,,,12.8,0.2,10.3,3.1,2.5,7.6,14.7
NEPS-SIE-0071,6,0.5,7.3,9.7,Hostile,Verbal,Often,Undecided,1.8,9.9,No,16,Moderate,2.8,Financial need,5.2,Basic phone,Some instability,6.4,0.9,3.1,7.7,16.9,No,Professional,Good,73.0,18.9,3.3,1.1,14.9,11.1,9.9
NEPS-SIE-0071,12,8.7,9.6,4.2,Hostile,Verbal,Often,Undecided,5.2,10.0,Don't know,3,Severe,0.1,Family expects,9.1,Smartphone,Highly unstable,4.2,5.3,3.5,9.9,13.2,No,Professional,,44.9,3.4,18.6,15.3,18.1,3.5,7.3
NEPS-SIE-0071,18,1.3,3.5,0.5,Neutral,Cyber,Rarely,Employment,9.7,3.4,Don't know,7,,2.9,Financial need,2.9,Basic phone,Stable,7.4,5.7,2.2,3.0,18.7,No,Professional,Some,89.2,17.0,1.1,0.1,9.2,6.0,2.1
NEPS-SIE-0071,24,3.5,7.2,4.0,Supportive,,Often,Undecided,2.0,5.3,Yes,13,,9.1,,1.6,Shared,Stable,4.7,3.7,3.6,8.9,10.7,Maybe,Professional,Some,65.6,8.8,2.8,14.9,0.1,17.7,14.2
NEPS-SIE-0072,6,1.1,2.8,1.3,Neutral,Physical,Never,Vocational,6.7,9.5,Don't know,8,,4.2,Financial need,8.0,Basic phone,Some instability,7.5,7.8,4.0,7.3,14.8,Maybe,Informal,Good,95.8,15.9,2.5,6.9,0.3,13.7,1.0
NEPS-SIE-0072,12,8.3,4.3,6.0,Supportive,Cyber,Often,Employment,2.8,0.8,No,7,Mild,7.3,Family expects,2.5,Smartphone,Some instability,9.9,2.5,8.2,2.0,14.1,Yes,Informal,Good,99.3,11.8,12.7,4.6,2.6,0.8,19.8
NEPS-SIE-0072,18,9.3,4.3,6.2,Supportive,,Often,Undecided,5.2,7.0,Yes,7,Moderate,4.3,,5.1,Smartphone,Some instability,1.1,3.6,9.4,7.1,4.9,Yes,Informal,Good,0.1,13.2,6.4,5.7,5.6,12.1,8.6
NEPS-SIE-0072,24,2.5,4.9,3.3,Supportive,,Never,Vocational,3.3,7.4,No,18,Moderate,2.4,Self pressure,2.1,,Stable,8.9,1.3,7.4,1.2,11.7,No,Informal,Good,70.5,18.5,1.5,10.9,6.9,14.5,19.8
NEPS-SIE-0073,6,2.0,7.2,0.4,Supportive,Cyber,Sometimes,Employment,8.9,4.5,Don't know,3,Severe,0.7,Financial need,5.2,Smartphone,Stable,6.0,7.0,1.3,0.5,11.3,No,Informal,,81.5,9.9,10.6,10.3,1.5,8.8,10.2
NEPS-SIE-0073,12,5.6,3.9,6.1,Supportive,Verbal,Never,Vocational,5.7,5.9,Yes,16,Severe,5.0,Self pressure,3.0,Basic phone,Some instability,7.1,5.5,1.7,0.5,4.8,Yes,Informal,Some,92.7,5.4,15.8,12.8,5.0,16.5,10.7
NEPS-SIE-0073,18,0.0,3.5,6.1,Neutral,Physical,Never,Employment,7.2,4.1,Don't know,9,Moderate,9.9,,8.2,Basic phone,Highly unstable,9.7,1.8,9.7,5.4,19.6,No,Professional,,74.6,7.6,13.1,17.4,12.7,11.0,16.3
NEPS-SIE-0073,24,2.2,2.7,5.8,Neutral,Verbal,Often,Vocational,7.3,4.3,Yes,15,,5.0,Financial need,1.9,Basic phone,Stable,5.7,9.4,1.8,2.8,6.2,Yes,,,60.8,1.4,1.4,4.9,18.2,19.4,2.0
NEPS-SIE-0074,6,5.3,7.3,8.1,Hostile,,Often,Undecided,0.2,8.3,Don't know,1,Mild,2.5,,2.7,Smartphone,Stable,9.6,1.1,7.4,3.4,14.1,Yes,Informal,Some,76.0,17.8,16.3,6.1,9.6,4.9,10.9
NEPS-SIE-0074,12,2.7,5.4,0.2,Supportive,,Sometimes,University,5.1,8.4,Yes,0,Mild,0.2,Financial need,3.9,Shared,Highly unstable,2.9,9.2,6.8,6.9,14.3,Yes,,Good,99.1,4.5,19.1,5.6,1.5,6.7,7.2
NEPS-SIE-0074,18,9.2,0.8,0.4,Supportive,Verbal,Often,Employment,6.0,6.8,Yes,9,Moderate,3.5,,2.7,,Highly unstable,3.7,2.7,9.1,8.0,15.8,Yes,Informal,Some,14.8,8.9,15.9,19.5,16.3,2.3,8.5
NEPS-SIE-0074,24,7.3,1.4,3.2,Supportive,Verbal,Often,Employment,3.2,4.2,Don't know,13,Moderate,1.4,Family expects,3.8,,Highly unstable,5.3,5.3,8.2,3.8,11.6,Maybe,Informal,,8.7,7.2,4.1,17.0,7.2,9.5,2.7
NEPS-SIE-0075,6,1.1,9.1,3.6,Supportive,Physical,Often,Vocational,8.4,5.5,No,7,Mild,8.3,,7.5,Smartphone,Highly unstable,7.0,3.8,0.3,9.6,7.4,No,Professional,,58.2,9.5,11.9,3.2,2.9,2.8,4.9
NEPS-SIE-0075,12,0.1,8.3,4.2,Supportive,Cyber,Rarely,Employment,4.7,7.2,No,20,,2.9,Family expects,0.6,Smartphone,Highly unstable,7.5,5.0,0.1,8.3,13.6,Maybe,Religious,,50.2,14.2,8.5,3.1,19.5,10.4,19.6
NEPS-SIE-0075,18,1.3,2.1,6.2,Supportive,Cyber,Rarely,University,8.2,4.7,No,20,Severe,8.3,Family expects,0.5,Shared,Highly unstable,4.2,2.7,1.0,3.6,15.6,Maybe,Professional,Good,28.2,10.8,1.3,11.9,15.1,6.2,11.0
NEPS-SIE-0075,24,6.4,0.3,2.7,Hostile,Multiple,Never,Undecided,0.5,3.1,No,0,Moderate,7.5,Financial need,5.0,Shared,Some instability,7.3,9.7,7.0,1.0,8.1,No,Professional,,80.7,3.0,11.7,7.6,11.7,17.0,5.8
NEPS-SIE-0076,6,1.5,4.6,8.9,Supportive,Verbal,Rarely,Vocational,7.7,1.6,Don't know,16,Moderate,4.5,Family expects,3.4,Shared,Highly unstable,8.6,4.3,8.9,7.7,7.8,Yes,Professional,Good,56.7,19.9,1.9,0.3,15.3,6.2,17.4
NEPS-SIE-0076,12,8.0,9.0,5.0,Neutral,Physical,Rarely,Employment,1.6,2.8,No,11,,0.7,Financial need,2.6,,Some instability,7.6,4.4,9.2,9.4,19.4,Maybe,Professional,Some,85.9,8.0,17.1,18.3,2.6,7.3,16.9
NEPS-SIE-0076,18,9.5,3.7,6.8,Hostile,Cyber,Sometimes,University,6.2,6.4,Don't know,7,,1.5,,2.9,Basic phone,Highly unstable,4.0,0.7,3.9,4.6,1.9,Maybe,,,53.5,16.4,2.2,3.6,2.2,19.2,7.9
NEPS-SIE-0076,24,4.3,4.0,0.6,Neutral,Multiple,Often,Vocational,7.0,4.8,No,14,,5.5,Financial need,1.5,Basic phone,Some instability,5.7,9.9,7.7,0.6,16.2,Maybe,,Good,5.4,17.4,19.1,13.7,5.4,12.7,1.7
NEPS-SIE-0077,6,0.7,4.1,3.0,Hostile,Cyber,Often,Vocational,6.7,2.6,Yes,2,Severe,3.4,Self pressure,1.6,Shared,Some instability,4.8,5.4,7.8,9.7,8.7,No,,Good,56.1,17.9,4.0,14.5,11.6,2.9,13.3
NEPS-SIE-0077,12,8.2,7.3,8.3,Hostile,Physical,Never,Vocational,9.0,9.3,No,10,,7.9,Financial need,2.6,Smartphone,Some instability,9.4,8.6,6.3,6.4,11.6,Yes,Informal,,97.9,8.4,10.9,3.3,7.6,7.0,19.0
NEPS-SIE-0077,18,9.7,5.8,0.1,Neutral,,Sometimes,Employment,5.0,8.7,Don't know,15,Severe,4.1,Self pressure,3.5,,Highly unstable,9.7,3.4,9.3,4.6,7.5,No,Informal,,43.6,5.7,13.2,13.6,12.7,14.0,18.8
NEPS-SIE-0077,24,9.1,1.0,0.9,Supportive,,Never,Undecided,1.0,7.5,Don't know,17,,6.3,,6.7,,Stable,2.2,4.5,3.8,2.0,9.4,Yes,Religious,Some,41.3,16.4,14.1,14.8,0.2,7.5,4.5
NEPS-SIE-0078,6,2.8,8.8,2.6,Neutral,Verbal,Never,Undecided,0.3,0.3,No,16,Moderate,3.4,Financial need,2.4,,Stable,6.2,3.9,0.5,9.3,8.6,No,,,17.4,18.1,10.3,8.7,2.0,16.0,10.1
NEPS-SIE-0078,12,6.3,7.8,8.4,Hostile,Physical,Rarely,Employment,2.0,0.9,No,0,Mild,0.3,,5.7,Smartphone,Highly unstable,7.3,9.8,6.3,7.8,3.7,No,Informal,Some,19.4,16.8,14.5,16.1,7.6,5.2,1.0
NEPS-SIE-0078,18,0.8,1.4,0.2,Hostile,,Never,Undecided,9.3,1.2,Yes,9,Moderate,8.9,,0.8,Shared,Stable,3.9,4.9,0.2,0.7,19.2,Yes,Informal,,42.0,17.8,12.7,9.0,3.2,6.0,18.1
NEPS-SIE-0078,24,6.6,6.3,8.5,Supportive,Physical,Sometimes,Undecided,9.9,6.0,Yes,5,Moderate,9.3,Family expects,6.1,Smartphone,Highly unstable,5.1,1.5,8.7,1.1,4.3,Maybe,Informal,Good,8.3,13.8,2.5,5.5,4.0,1.8,14.2
NEPS-SIE-0079,6,6.5,4.7,8.1,Neutral,Multiple,Often,Vocational,2.5,2.0,Don't know,8,Severe,1.0,Self pressure,1.7,Basic phone,Highly unstable,4.9,8.8,4.2,7.5,16.3,No,Professional,,38.3,4.0,7.1,18.0,16.4,9.0,17.8
NEPS-SIE-0079,12,9.6,2.5,4.1,Hostile,Multiple,Sometimes,Undecided,0.3,1.8,No,13,Mild,3.6,,2.2,Shared,Some instability,1.5,3.1,0.1,6.9,14.3,Yes,,,79.5,18.0,11.2,7.7,12.0,10.5,2.1
NEPS-SIE-0079,18,2.8,6.1,8.8,Hostile,,Often,Undecided,3.2,3.2,Yes,1,Severe,5.0,Self pressure,4.2,Smartphone,Some instability,1.7,3.3,3.8,5.8,5.7,No,Professional,Some,28.4,16.8,8.1,17.9,18.4,0.8,12.9
NEPS-SIE-0079,24,0.7,1.0,8.0,Hostile,Physical,Sometimes,Employment,7.5,4.0,Don't know,10,Severe,6.1,Financial need,3.0,,Some instability,8.5,9.7,1.2,3.7,12.4,Yes,Informal,Good,82.5,2.8,19.9,17.2,14.5,4.5,1.8
NEPS-SIE-0080,6,7.2,8.1,8.2,Hostile,,Never,Employment,8.8,0.4,Yes,9,,2.6,Financial need,2.7,Basic phone,Stable,5.8,1.2,3.2,1.5,11.7,Maybe,,,12.2,10.6,11.6,13.2,19.5,6.4,14.6
NEPS-SIE-0080,12,2.3,2.6,3.0,Supportive,Physical,Rarely,Vocational,6.9,0.8,No,1,Mild,0.1,Family expects,4.7,,Stable,4.9,3.4,8.1,7.6,10.3,Maybe,Religious,,45.4,3.1,10.1,18.3,4.4,7.3,19.5
NEPS-SIE-0080,18,8.7,5.1,7.8,Supportive,,Sometimes,Undecided,1.6,3.1,Don't know,20,,1.5,,7.5,Basic phone,Stable,8.9,1.9,0.3,6.6,9.1,Maybe,Professional,,8.4,8.6,3.0,10.0,10.2,1.1,5.5
NEPS-SIE-0080,24,1.0,6.5,7.3,Neutral,Verbal,Sometimes,Vocational,4.0,5.9,Don't know,19,Severe,5.2,,6.8,Basic phone,Stable,2.2,0.5,0.4,2.7,1.3,Yes,Religious,Good,88.3,14.0,8.1,7.9,4.4,16.5,13.8
NEPS-SIE-0081,6,5.0,1.7,2.0,Hostile,Physical,Sometimes,University,0.9,5.0,Don't know,19,Severe,7.4,Family expects,1.7,Smartphone,Stable,1.9,9.0,1.4,0.1,9.5,Maybe,Professional,Good,97.4,17.6,3.4,15.2,0.2,7.0,9.5
NEPS-SIE-0081,12,0.0,8.7,4.7,Supportive,,Sometimes,Vocational,5.3,1.7,Yes,3,,3.0,Self pressure,4.5,Shared,Highly unstable,2.6,4.9,3.6,0.1,7.1,No,Religious,,77.5,17.1,18.0,11.9,2.3,13.7,14.6
NEPS-SIE-0081,18,0.2,9.8,8.6,Hostile,Verbal,Sometimes,Undecided,0.3,5.8,Don't know,13,Moderate,2.1,,1.9,,Highly unstable,1.1,2.7,6.3,5.4,18.2,No,Informal,Some,91.0,7.0,6.6,11.8,18.9,5.5,3.8
NEPS-SIE-0081,24,5.8,7.0,8.3,Supportive,Cyber,Often,Employment,2.9,9.7,No,4,Severe,6.8,Self pressure,6.2,Basic phone,Some instability,4.9,0.6,2.9,4.5,4.3,No,Professional,Good,48.8,0.1,7.0,16.7,1.0,2.8,17.6
NEPS-SIE-0082,6,7.9,5.0,9.6,Hostile,Verbal,Never,Employment,1.4,7.3,No,18,,2.9,,4.7,Shared,Stable,8.1,6.4,4.2,9.7,2.0,Maybe,Religious,,31.1,11.3,13.6,6.4,11.6,13.7,4.0
NEPS-SIE-0082,12,1.4,5.5,3.0,Supportive,Physical,Often,Vocational,3.8,8.8,No,3,Mild,5.3,Self pressure,5.0,Shared,Some instability,3.5,4.7,9.6,4.6,18.3,Yes,,Good,75.6,12.3,6.0,4.9,10.2,2.5,10.9
NEPS-SIE-0082,18,5.7,2.9,7.6,Neutral,Verbal,Often,University,4.6,7.6,Don't know,14,,0.8,Self pressure,8.3,Smartphone,Some instability,5.9,8.2,5.7,6.9,17.3,Yes,Professional,,20.5,2.9,14.8,9.9,4.5,13.5,17.0
NEPS-SIE-0082,24,3.0,3.1,9.9,Supportive,Cyber,Rarely,University,0.7,1.5,Yes,16,,2.5,,4.7,,Some instability,0.6,1.2,4.0,9.8,16.4,No,Religious,,68.1,17.2,12.3,8.6,12.7,3.7,16.4
NEPS-SIE-0083,6,6.6,1.7,7.4,Hostile,Verbal,Often,Undecided,2.9,6.7,Don't know,15,Moderate,6.7,Financial need,3.9,Smartphone,Some instability,4.2,4.2,0.3,4.6,11.3,Yes,Religious,Good,64.5,17.9,12.4,0.9,18.1,19.3,9.4
NEPS-SIE-0083,12,7.2,2.8,9.8,Neutral,Multiple,Rarely,Employment,9.0,5.3,Don't know,2,Mild,6.6,Self pressure,6.6,Shared,Some instability,7.2,7.9,2.8,7.6,6.1,Maybe,Professional,,48.4,19.3,12.1,3.6,14.2,10.1,13.2
NEPS-SIE-0083,18,2.6,7.0,5.9,Hostile,Physical,Often,University,0.4,8.5,Yes,7,,6.7,Financial need,9.3,,Some instability,7.6,9.8,8.1,7.3,4.7,Yes,,Some,92.2,1.2,5.0,0.7,15.0,8.8,7.5
NEPS-SIE-0083,24,6.3,0.3,1.7,Supportive,Cyber,Often,Vocational,9.9,5.7,Yes,6,Moderate,4.9,Self pressure,2.3,Basic phone,Some instability,8.1,8.1,1.9,5.8,12.6,No,Professional,Good,3.3,2.8,0.1,15.5,11.4,17.3,6.8
NEPS-SIE-0084,6,6.8,9.6,7.3,Hostile,Cyber,Rarely,Vocational,5.7,4.7,No,11,Mild,8.0,Financial need,4.3,,Stable,5.7,1.3,5.2,1.0,10.0,Yes,Religious,Good,22.4,18.8,18.4,5.0,14.1,1.4,17.4
NEPS-SIE-0084,12,9.7,0.7,5.8,Hostile,Multiple,Sometimes,Undecided,6.2,5.5,Yes,18,Severe,9.4,Self pressure,6.5,Smartphone,Some instability,4.2,2.0,8.9,0.6,4.1,No,Religious,,91.2,1.2,9.9,16.1,11.3,12.2,16.7
NEPS-SIE-0084,18,8.1,3.5,0.7,Neutral,Multiple,Never,Undecided,9.5,2.7,Yes,3,,5.0,Family expects,6.5,,Some instability,3.0,8.5,9.7,0.2,1.1,Yes,,,68.4,0.4,9.6,7.7,7.5,2.5,14.0
NEPS-SIE-0084,24,5.5,1.2,1.2,Hostile,Physical,Sometimes,Vocational,3.4,9.2,Yes,7,,5.9,Family expects,4.1,Smartphone,Stable,8.7,2.5,0.6,0.6,8.8,Maybe,Professional,Some,35.0,13.1,4.9,5.8,12.1,9.6,2.4
NEPS-SIE-0085,6,0.8,2.5,5.4,Neutral,Physical,Rarely,Undecided,7.1,9.4,Don't know,9,Mild,5.3,Self pressure,3.2,Smartphone,Stable,3.5,4.1,9.5,4.9,1.6,Yes,Informal,Some,74.2,4.2,7.4,16.3,2.8,19.6,14.0
NEPS-SIE-0085,12,6.5,4.5,1.1,Neutral,,Sometimes,Employment,5.9,3.0,Yes,1,Moderate,8.5,Financial need,5.0,,Some instability,4.4,2.2,3.8,6.6,10.6,No,Religious,Good,54.2,7.0,0.5,12.2,17.9,18.5,18.1
NEPS-SIE-0085,18,8.1,5.9,7.6,Neutral,Multiple,Often,Undecided,7.8,9.3,Yes,3,Severe,9.5,Self pressure,8.6,,Some instability,5.7,5.7,5.2,1.6,7.6,No,Informal,Good,90.8,5.6,13.7,5.5,20.0,15.4,5.9
NEPS-SIE-0085,24,5.7,0.4,2.7,Neutral,Physical,Never,University,3.1,6.6,No,5,Severe,4.6,Financial need,0.1,Smartphone,Some instability,4.8,8.4,2.2,0.6,18.8,Maybe,Religious,Good,44.0,5.2,15.7,5.2,9.9,4.5,3.5
NEPS-SIE-0086,6,8.7,6.6,2.3,Hostile,,Rarely,Undecided,5.8,0.4,Don't know,7,,9.5,Self pressure,9.8,Smartphone,Highly unstable,8.4,8.5,5.4,0.4,4.7,Yes,Professional,,44.4,10.2,4.7,6.5,7.4,16.5,8.3
NEPS-SIE-0086,12,6.4,8.8,1.4,Neutral,Multiple,Sometimes,Employment,9.8,9.0,No,15,Moderate,6.2,Family expects,3.7,Shared,Stable,9.1,0.3,6.1,8.1,10.2,No,Religious,Good,37.9,11.7,13.1,3.0,15.3,13.0,19.1
NEPS-SIE-0086,18,9.6,9.9,5.7,Hostile,Multiple,Often,University,8.5,5.3,Yes,19,Severe,6.6,Financial need,3.2,Basic phone,Highly unstable,2.9,2.4,2.4,7.7,7.2,Maybe,Religious,,97.2,13.9,8.9,19.2,8.2,1.6,11.2
NEPS-SIE-0086,24,0.8,3.6,4.8,Supportive,Cyber,Often,Vocational,5.7,8.3,Yes,17,Mild,7.8,Financial need,6.7,Basic phone,Highly unstable,2.6,2.9,3.1,0.8,8.4,Yes,,,88.1,4.0,3.6,9.1,3.3,8.4,15.3
NEPS-SIE-0087,6,7.1,4.7,1.0,Supportive,Cyber,Never,Vocational,9.9,1.3,Don't know,12,Severe,3.5,Financial need,7.0,Basic phone,Highly unstable,2.9,3.4,8.2,3.4,12.2,Yes,Professional,Good,73.9,7.1,9.0,8.2,9.0,16.7,5.8
NEPS-SIE-0087,12,4.8,1.3,1.8,Hostile,Multiple,Never,Vocational,9.0,5.9,No,20,Severe,3.8,Financial need,1.8,Shared,Stable,2.3,4.9,0.5,5.2,10.5,No,,Some,32.3,6.4,3.6,2.9,16.3,14.7,19.8
NEPS-SIE-0087,18,2.1,5.2,5.8,Hostile,Physical,Never,Employment,2.8,1.2,No,15,Severe,2.2,Family expects,2.9,Shared,Highly unstable,7.5,9.2,6.7,1.4,4.1,No,Informal,Good,59.8,0.8,17.8,10.8,3.9,9.8,16.4
NEPS-SIE-0087,24,3.7,2.8,9.5,Neutral,Cyber,Rarely,Undecided,2.9,1.1,Don't know,3,Severe,8.9,Financial need,2.6,Basic phone,Some instability,7.3,1.2,3.5,0.8,15.9,No,Professional,Some,15.7,6.7,9.1,14.7,13.4,1.5,13.8
NEPS-SIE-0088,6,8.9,0.4,1.0,Hostile,Multiple,Sometimes,Vocational,8.4,6.6,Don't know,1,,2.5,Financial need,8.7,Basic phone,Highly unstable,2.0,4.7,4.8,1.9,9.9,Yes,Informal,,87.6,19.0,17.1,15.0,0.1,1.3,11.2
NEPS-SIE-0088,12,2.1,1.8,4.2,Neutral,Multiple,Often,Vocational,6.4,4.8,Don't know,5,Moderate,8.4,Self pressure,6.7,,Highly unstable,3.9,3.6,4.8,1.0,2.2,Maybe,,Some,32.5,13.2,2.3,9.3,6.4,2.3,13.9
NEPS-SIE-0088,18,7.0,7.7,4.8,Neutral,Multiple,Often,Vocational,0.3,2.7,Yes,13,,5.6,Self pressure,2.6,Shared,Some instability,3.9,4.4,4.0,9.1,5.4,No,Informal,Some,63.6,0.9,9.0,4.4,17.5,10.7,15.6
NEPS-SIE-0088,24,1.1,9.7,6.1,Supportive,Multiple,Never,University,8.0,0.9,Don't know,10,Moderate,7.7,,6.5,Basic phone,Some instability,5.4,9.9,8.4,4.0,14.4,Maybe,Informal,Some,33.2,4.3,14.7,18.8,0.7,0.4,18.8
NEPS-SIE-0089,6,1.0,4.0,4.8,Supportive,Physical,Sometimes,University,2.3,7.7,Yes,1,Moderate,7.5,Financial need,6.6,Basic phone,Highly unstable,8.8,8.6,0.8,5.0,14.1,No,,Good,1.5,16.6,12.1,3.0,14.7,15.9,3.9
NEPS-SIE-0089,12,6.1,3.1,3.2,Hostile,,Sometimes,Employment,4.6,1.0,Don't know,18,Severe,3.8,Financial need,0.9,,Highly unstable,2.8,2.8,7.0,5.1,7.6,Maybe,,Some,76.3,14.3,9.0,11.6,0.5,15.4,8.9
NEPS-SIE-0089,18,4.8,1.1,3.1,Supportive,,Never,Vocational,2.1,9.4,Don't know,7,,1.4,Financial need,5.2,Basic phone,Stable,7.7,2.5,3.1,3.4,3.0,Maybe,,Good,26.8,4.2,11.2,9.8,10.0,19.2,4.7
NEPS-SIE-0089,24,4.6,4.8,5.5,Hostile,,Never,Undecided,7.0,3.8,Yes,5,,1.7,Financial need,8.7,Smartphone,Stable,8.9,5.0,6.3,5.2,2.8,No,,Some,0.9,2.4,19.9,14.4,17.6,5.4,6.4
NEPS-SIE-0090,6,8.9,5.6,1.7,Neutral,Multiple,Rarely,Employment,5.2,2.5,No,6,Moderate,9.3,Family expects,1.6,,Stable,3.2,1.8,4.7,9.9,0.1,No,Informal,Good,69.4,10.8,6.6,1.2,9.4,3.1,7.0
NEPS-SIE-0090,12,5.6,2.3,6.3,Supportive,Physical,Sometimes,Undecided,5.8,3.1,Don't know,12,Moderate,5.6,Family expects,0.8,Basic phone,Stable,7.3,2.8,2.6,1.0,15.9,No,,Some,57.6,17.1,12.1,19.3,14.7,12.3,18.2
NEPS-SIE-0090,18,2.1,0.0,2.3,Supportive,,Rarely,Vocational,1.6,8.7,No,2,,1.4,Financial need,4.3,,Some instability,3.0,7.6,2.4,3.9,15.5,No,,Some,31.2,10.4,10.6,17.7,16.8,19.1,18.9
NEPS-SIE-0090,24,8.3,7.1,8.4,Hostile,Cyber,Often,Employment,6.9,5.6,No,20,Moderate,1.8,Self pressure,8.6,Shared,Highly unstable,4.2,6.2,8.8,9.2,3.8,Maybe,Informal,,99.5,3.9,7.2,3.9,11.7,6.6,18.2
NEPS-SIE-0091,6,9.2,5.0,0.1,Neutral,,Sometimes,Undecided,4.0,10.0,Don't know,8,Moderate,6.3,,8.6,,Highly unstable,6.3,4.9,4.7,8.7,15.0,Yes,Professional,Some,2.9,17.9,3.1,14.7,17.4,2.6,8.4
NEPS-SIE-0091,12,8.5,0.6,6.4,Supportive,Physical,Never,Employment,9.8,1.9,Don't know,0,Moderate,8.4,Self pressure,9.0,Basic phone,Highly unstable,7.2,3.7,0.1,6.6,8.3,No,Professional,Good,19.3,15.2,3.0,5.3,3.5,0.9,12.2
NEPS-SIE-0091,18,6.9,4.1,6.4,Supportive,Physical,Sometimes,Employment,1.2,4.7,Don't know,2,Severe,0.9,,1.8,Smartphone,Stable,3.2,6.3,0.2,1.7,0.2,No,Religious,Some,8.1,14.5,4.9,16.7,12.8,18.0,3.8
NEPS-SIE-0091,24,7.6,1.3,0.5,Hostile,Physical,Rarely,Employment,1.4,3.2,Yes,6,Moderate,8.8,Family expects,9.8,Shared,Highly unstable,4.4,0.9,3.6,3.6,15.4,No,,,68.7,3.4,19.0,11.7,3.1,11.4,19.9
NEPS-SIE-0092,6,4.3,6.5,6.8,Neutral,Verbal,Sometimes,Employment,0.9,7.7,No,6,Severe,2.6,,5.2,Basic phone,Some instability,1.4,5.9,3.7,3.8,11.8,Yes,Religious,,10.5,7.2,18.0,3.2,9.5,6.7,18.1
NEPS-SIE-0092,12,1.9,3.6,1.6,Hostile,Verbal,Never,Undecided,8.1,4.6,Don't know,13,Severe,4.7,Family expects,2.5,Shared,Highly unstable,3.4,6.8,3.0,9.7,17.5,No,Professional,Some,42.6,5.4,11.5,11.9,3.3,3.3,6.0
NEPS-SIE-0092,18,6.0,7.0,5.2,Hostile,Verbal,Rarely,Employment,7.9,0.5,Yes,9,Mild,8.0,Financial need,4.0,,Stable,6.6,2.0,1.7,3.1,3.7,Yes,,Good,72.4,3.1,11.1,15.5,0.1,3.2,2.0
NEPS-SIE-0092,24,5.5,3.9,2.1,Neutral,Cyber,Often,Vocational,7.6,1.0,Yes,10,Mild,4.0,Self pressure,9.0,,Highly unstable,3.9,0.7,4.9,7.4,11.7,Yes,Informal,Good,36.9,6.8,16.5,12.2,15.0,18.3,12.9
NEPS-SIE-0093,6,1.4,1.9,2.1,Neutral,,Sometimes,Undecided,6.5,4.3,No,9,Severe,6.8,Financial need,0.3,,Stable,1.6,6.8,8.3,4.6,1.7,No,Professional,,86.2,16.1,0.2,6.4,11.5,7.7,9.1
NEPS-SIE-0093,12,4.9,9.6,4.0,Supportive,Physical,Often,Employment,7.4,1.2,No,16,Moderate,7.8,Self pressure,8.4,Shared,Stable,7.9,9.8,5.3,3.8,13.5,Yes,Professional,Some,94.8,14.2,5.2,10.3,12.3,17.4,8.7
NEPS-SIE-0093,18,4.6,0.4,8.7,Neutral,Physical,Never,Employment,2.5,3.4,No,0,Moderate,1.8,Self pressure,4.2,,Some instability,3.0,0.4,1.1,7.3,10.6,Maybe,Informal,Good,8.4,1.9,14.5,12.7,8.6,5.5,19.4
NEPS-SIE-0093,24,6.9,2.4,8.3,Hostile,Multiple,Often,University,0.8,3.7,Yes,19,,3.8,,3.4,Shared,Some instability,4.0,1.8,7.5,7.2,14.9,Yes,,Good,79.4,11.4,19.9,12.3,10.8,15.9,13.9
NEPS-SIE-0094,6,0.5,5.7,2.2,Neutral,Physical,Rarely,Employment,5.0,0.5,No,5,Moderate,2.7,Financial need,2.1,,Highly unstable,1.3,2.7,6.0,9.8,6.4,Yes,Informal,Good,70.9,4.4,12.2,14.6,12.2,9.2,8.4
NEPS-SIE-0094,12,6.0,5.4,4.8,Hostile,,Sometimes,Employment,3.2,8.2,Yes,14,Severe,2.1,Family expects,6.7,Shared,Some instability,0.3,8.5,9.7,6.3,11.2,Maybe,Professional,Good,74.8,10.6,6.1,15.0,9.0,9.3,3.1
NEPS-SIE-0094,18,5.8,6.2,5.6,Neutral,,Sometimes,Undecided,9.9,3.8,Don't know,4,Severe,6.1,,1.0,Basic phone,Stable,9.9,5.7,1.8,1.6,15.6,No,,,40.9,15.0,8.4,12.0,6.4,7.3,2.1
NEPS-SIE-0094,24,8.8,9.6,7.6,Neutral,Multiple,Often,Vocational,8.6,4.9,No,9,Severe,1.6,Family expects,4.0,Smartphone,Highly unstable,8.3,7.6,6.6,6.8,2.0,No,,Some,41.0,12.7,12.4,2.8,12.4,20.0,12.0
NEPS-SIE-0095,6,7.3,9.5,3.3,Supportive,Verbal,Often,University,9.5,0.2,Don't know,20,Severe,5.5,Family expects,8.5,Basic phone,Some instability,3.7,8.7,1.8,9.4,18.4,Maybe,Informal,Some,6.5,0.6,11.6,9.2,13.7,8.9,4.8
NEPS-SIE-0095,12,1.8,4.6,6.4,Hostile,Physical,Rarely,Vocational,4.6,9.6,Yes,1,Severe,8.7,Financial need,8.6,Smartphone,Some instability,9.6,8.8,5.4,7.2,12.1,No,Professional,Some,48.1,14.5,5.9,8.0,16.4,15.4,7.3
NEPS-SIE-0095,18,7.2,5.1,6.5,Neutral,,Never,Vocational,8.5,7.6,Don't know,3,Mild,3.7,Self pressure,1.4,Basic phone,Some instability,2.1,1.0,6.4,0.7,18.0,Maybe,Informal,Some,34.2,13.8,6.6,9.0,5.2,5.5,0.7
NEPS-SIE-0095,24,1.4,5.2,0.3,Neutral,Multiple,Sometimes,Employment,3.1,7.2,Don't know,20,Moderate,4.8,Financial need,6.7,Basic phone,Highly unstable,8.1,1.3,6.1,8.6,5.1,Yes,Professional,Good,58.3,3.0,0.2,7.3,10.2,17.4,10.3
NEPS-SIE-0096,6,4.8,9.0,9.7,Hostile,Verbal,Sometimes,Employment,3.8,9.3,Don't know,5,Severe,1.8,Financial need,0.1,Smartphone,Some instability,2.2,2.1,1.5,6.1,14.6,Yes,Informal,Some,49.9,11.4,12.8,0.2,14.9,16.4,15.8
NEPS-SIE-0096,12,9.0,7.4,3.6,Supportive,Cyber,Never,Employment,5.1,2.7,Don't know,17,,9.7,,4.5,Basic phone,Stable,2.6,7.4,6.9,6.5,4.9,No,,Good,4.0,12.2,11.0,1.8,3.8,16.6,1.3
NEPS-SIE-0096,18,9.0,5.2,0.6,Supportive,Verbal,Often,Undecided,1.0,8.8,Yes,10,,2.0,,4.4,,Stable,1.0,5.9,6.0,3.0,0.2,Maybe,Professional,,88.7,15.5,3.9,16.1,12.3,9.1,0.0
NEPS-SIE-0096,24,7.5,6.0,4.9,Supportive,Physical,Often,Employment,9.5,3.0,Don't know,7,Moderate,2.8,Self pressure,6.3,Smartphone,Stable,4.9,3.2,9.7,4.7,3.3,Yes,,,30.5,18.5,8.9,12.8,10.8,3.7,15.6
NEPS-SIE-0097,6,7.6,2.1,5.0,Neutral,Multiple,Often,University,6.8,9.3,Yes,18,Mild,3.2,Family expects,7.7,Basic phone,Stable,6.1,1.6,9.6,9.8,13.1,Maybe,Religious,Good,93.3,9.4,17.1,6.1,2.9,6.7,7.1
NEPS-SIE-0097,12,7.5,4.5,4.3,Neutral,Cyber,Never,Undecided,0.6,4.1,Don't know,4,Severe,7.7,,8.2,Basic phone,Stable,6.6,2.6,8.3,0.2,8.5,Maybe,Religious,,56.0,4.0,4.3,10.1,17.1,2.1,4.9
NEPS-SIE-0097,18,3.3,4.8,7.2,Neutral,,Often,Undecided,2.5,9.9,Don't know,12,,1.0,Self pressure,2.8,Shared,Some instability,9.2,1.1,1.3,7.5,6.5,No,,Good,87.4,11.8,11.5,11.2,8.8,6.6,10.9
NEPS-SIE-0097,24,6.6,5.6,8.2,Hostile,,Rarely,University,8.7,7.0,Don't know,10,Moderate,9.1,Financial need,7.5,Basic phone,Stable,3.2,2.3,3.6,2.0,19.4,Maybe,Religious,,74.8,0.5,2.4,8.2,7.9,9.7,1.0
NEPS-SIE-0098,6,5.3,9.1,5.1,Supportive,Multiple,Often,University,9.6,8.7,No,17,Severe,2.8,Self pressure,6.3,Smartphone,Highly unstable,0.9,5.6,1.1,1.6,10.3,Yes,,,65.0,3.8,1.5,13.7,16.4,9.3,17.8
NEPS-SIE-0098,12,9.9,1.5,3.3,Supportive,Multiple,Sometimes,Undecided,5.3,6.9,No,0,Severe,5.7,,6.2,,Stable,0.1,3.2,1.5,8.6,11.7,Maybe,,,66.5,15.4,11.5,7.1,17.6,17.3,3.1
NEPS-SIE-0098,18,7.7,2.1,1.8,Supportive,Multiple,Never,Vocational,5.4,9.5,No,10,Mild,6.6,Family expects,3.0,,Some instability,2.3,9.2,7.7,0.3,17.6,Maybe,Professional,Some,2.5,17.4,17.1,4.2,1.0,8.8,4.0
NEPS-SIE-0098,24,7.7,5.9,1.2,Supportive,Multiple,Never,Vocational,7.6,1.2,No,19,Moderate,7.5,Self pressure,4.2,Basic phone,Stable,8.0,3.6,2.6,1.1,9.1,Yes,,Some,40.0,17.1,7.1,18.9,16.7,8.7,17.0
NEPS-SIE-0099,6,3.0,10.0,0.8,Hostile,Cyber,Often,University,9.5,2.7,Don't know,10,,1.4,Family expects,1.8,Smartphone,Stable,5.2,1.4,4.7,0.4,11.9,Yes,Religious,Some,61.8,16.5,8.4,3.5,10.4,3.0,16.2
NEPS-SIE-0099,12,6.7,3.7,9.2,Supportive,,Often,Vocational,3.1,6.3,No,19,Moderate,0.3,,3.3,,Stable,7.3,1.4,4.1,5.4,15.3,No,Informal,Good,10.0,7.0,4.5,8.4,1.3,19.4,9.3
NEPS-SIE-0099,18,4.2,9.0,4.4,Hostile,,Sometimes,Undecided,4.7,9.0,Yes,10,Moderate,9.6,,4.8,Basic phone,Stable,2.2,1.3,9.4,2.3,1.6,Yes,,Some,88.7,2.1,4.5,3.7,13.2,6.6,19.5
NEPS-SIE-0099,24,6.7,5.2,5.8,Neutral,Verbal,Sometimes,Undecided,3.7,1.5,Don't know,1,Severe,6.3,Family expects,9.8,Smartphone,Stable,6.3,8.4,2.4,4.0,0.2,Maybe,,Some,18.8,17.4,19.4,8.1,19.9,9.1,5.3
NEPS-SIE-0100,6,4.4,7.4,6.6,Hostile,Physical,Sometimes,Vocational,2.6,8.1,No,17,Severe,6.6,Self pressure,7.6,Shared,Stable,7.8,4.3,0.3,5.4,1.9,Maybe,Professional,Good,55.0,5.9,17.5,6.1,8.7,19.7,1.7
NEPS-SIE-0100,12,8.7,5.0,4.0,Hostile,Verbal,Rarely,Vocational,7.8,2.0,Don't know,11,Mild,5.6,,8.0,Shared,Highly unstable,2.3,9.5,5.3,3.7,2.0,Yes,Informal,,15.2,18.8,12.2,17.2,5.6,19.2,19.0
NEPS-SIE-0100,18,3.0,9.0,9.7,Neutral,Cyber,Sometimes,Vocational,7.2,3.0,Yes,8,Moderate,2.1,,0.6,,Stable,1.4,8.2,7.6,8.1,19.0,Yes,,Good,64.6,7.8,3.9,16.7,1.4,19.3,5.5
NEPS-SIE-0100,24,8.9,1.2,7.4,Hostile,Verbal,Rarely,Undecided,1.4,2.8,No,0,,5.2,,7.7,,Stable,6.6,3.0,1.2,7.4,9.1,Yes,Religious,Some,94.9,0.8,16.8,5.1,12.5,8.5,3.4
NEPS-TAN-0101,6,7.1,8.7,4.9,Neutral,Verbal,Never,University,10.0,6.0,Don't know,11,Mild,8.7,Financial need,8.4,,Some instability,0.6,1.1,7.7,8.4,14.6,Maybe,Religious,Some,66.7,5.0,7.1,0.3,14.3,9.7,11.7
NEPS-TAN-0101,12,2.2,4.3,2.7,Hostile,Cyber,Often,Undecided,0.4,1.1,Don't know,3,,1.2,Family expects,3.6,,Some instability,7.2,0.4,6.5,4.4,9.2,No,Professional,Some,81.3,12.6,15.6,13.4,0.5,11.3,0.5
NEPS-TAN-0101,18,9.5,1.0,9.2,Supportive,Cyber,Sometimes,Employment,8.2,3.4,Yes,8,Severe,7.8,Self pressure,4.6,Shared,Stable,2.1,7.7,5.5,3.2,8.0,Maybe,Informal,Some,85.7,6.7,12.3,14.8,16.7,4.6,16.6
NEPS-TAN-0101,24,1.0,7.2,6.4,Neutral,Multiple,Often,Vocational,7.6,2.0,Don't know,15,Moderate,3.4,Financial need,9.0,Basic phone,Stable,3.2,1.1,5.8,9.1,14.0,No,Religious,,53.8,8.0,13.9,4.0,1.8,12.0,17.5
NEPS-TAN-0102,6,4.0,2.6,7.2,Hostile,Physical,Often,Vocational,9.2,1.0,Don't know,9,,3.2,Family expects,4.4,Smartphone,Stable,5.5,6.7,2.7,4.9,16.7,Yes,Informal,Good,44.0,16.2,2.9,5.9,19.3,17.2,9.7
NEPS-TAN-0102,12,4.4,5.6,10.0,Supportive,Cyber,Rarely,Undecided,6.3,8.9,No,8,Moderate,8.0,Self pressure,4.3,Shared,Stable,3.2,3.6,9.6,1.3,17.2,No,Informal,,57.9,1.9,18.3,19.7,14.2,10.7,2.1
NEPS-TAN-0102,18,8.3,2.3,3.5,Hostile,Multiple,Rarely,Undecided,2.7,8.4,No,19,Severe,5.0,Financial need,0.6,Basic phone,Stable,5.6,5.6,0.6,3.5,17.4,Yes,Professional,,35.4,19.1,5.5,5.0,17.9,0.6,12.0
NEPS-TAN-0102,24,4.3,7.6,1.3,Neutral,Verbal,Often,Employment,5.4,6.7,No,7,Severe,1.4,Self pressure,8.6,Smartphone,Highly unstable,7.5,5.9,7.7,0.7,1.3,Maybe,Informal,,19.5,19.6,15.5,19.8,16.7,0.6,18.6
NEPS-TAN-0103,6,7.3,3.3,0.9,Neutral,Multiple,Often,Undecided,3.8,4.7,No,5,,3.1,Family expects,7.1,Shared,Some instability,0.9,2.6,2.0,3.5,12.9,Yes,Religious,Some,75.2,10.5,0.4,12.1,19.6,1.2,7.5
NEPS-TAN-0103,12,1.7,9.6,5.3,Supportive,Physical,Often,Employment,0.3,9.1,Don't know,11,,9.6,Family expects,6.4,,Stable,5.4,9.8,1.0,6.8,3.1,Maybe,Informal,Some,70.6,17.6,3.5,3.0,16.4,0.6,0.8
NEPS-TAN-0103,18,5.4,9.6,9.4,Neutral,Physical,Never,Employment,6.8,5.9,Yes,3,Severe,1.9,Family expects,10.0,Shared,Some instability,9.3,5.5,3.9,4.5,2.3,No,Professional,Some,24.6,2.8,19.2,9.8,15.9,0.8,1.2
NEPS-TAN-0103,24,9.8,4.8,8.4,Hostile,Multiple,Never,University,6.6,3.2,Don't know,18,Severe,7.6,Family expects,2.8,Basic phone,Some instability,7.6,2.9,6.3,4.0,7.5,Maybe,Professional,Some,10.4,11.2,12.2,6.1,19.8,15.4,15.4
NEPS-TAN-0104,6,7.0,5.3,0.4,Supportive,Physical,Rarely,Employment,7.4,5.3,Yes,9,Severe,1.9,,8.2,,Highly unstable,5.1,8.5,5.1,6.8,0.9,Yes,Professional,Some,95.0,17.8,14.2,1.5,4.1,4.1,12.8
NEPS-TAN-0104,12,0.2,9.2,2.1,Hostile,,Sometimes,University,9.0,6.6,No,5,Severe,8.3,Self pressure,9.2,,Stable,1.6,6.0,6.2,2.6,18.4,No,Religious,Good,94.0,13.1,18.3,8.2,0.2,16.5,7.5
NEPS-TAN-0104,18,8.4,1.9,7.8,Neutral,Multiple,Never,Undecided,0.4,7.7,Yes,7,,6.4,,1.6,,Stable,1.8,3.3,9.4,2.6,13.6,No,,Some,53.6,5.7,11.4,2.2,2.4,16.5,17.7
NEPS-TAN-0104,24,9.5,5.5,5.0,Supportive,Multiple,Never,Undecided,4.8,1.1,Yes,12,Mild,0.8,,2.4,Shared,Some instability,7.4,4.4,7.7,6.6,10.1,Yes,Informal,,31.8,11.4,19.0,6.8,19.0,18.4,7.0
NEPS-TAN-0105,6,2.0,6.4,3.9,Supportive,Physical,Never,Vocational,1.8,1.9,Don't know,14,,8.7,,8.4,Shared,Highly unstable,1.6,5.5,3.2,1.1,1.3,No,Professional,,72.0,14.5,6.4,0.8,18.0,13.7,0.1
NEPS-TAN-0105,12,0.0,0.6,3.9,Hostile,,Rarely,University,5.6,0.7,Don't know,15,Severe,2.8,Financial need,4.5,Basic phone,Highly unstable,4.9,2.5,9.8,6.4,9.6,Yes,,,87.9,4.5,5.7,14.6,19.3,7.8,5.1
NEPS-TAN-0105,18,1.6,7.4,4.3,Neutral,Verbal,Never,Undecided,4.1,8.8,Yes,12,Mild,8.4,Self pressure,2.1,,Some instability,8.8,4.6,4.5,9.5,9.3,Maybe,Religious,,39.9,14.5,4.1,4.3,3.8,3.9,17.5
NEPS-TAN-0105,24,6.6,6.2,9.0,Hostile,Cyber,Sometimes,Employment,2.1,1.4,Yes,17,Severe,3.0,Financial need,0.5,Basic phone,Some instability,5.5,1.6,3.8,5.2,3.6,Maybe,Professional,,20.6,11.3,3.4,19.7,13.6,15.4,12.8
NEPS-TAN-0106,6,5.8,8.0,1.5,Neutral,Cyber,Rarely,Vocational,7.6,4.9,Don't know,19,,6.8,,0.9,Smartphone,Stable,3.3,0.9,9.3,3.6,14.9,Yes,Religious,Good,36.3,18.2,11.7,16.6,9.5,14.1,5.8
NEPS-TAN-0106,12,1.0,5.6,9.0,Supportive,Verbal,Often,University,5.3,6.2,Yes,17,Severe,7.0,Self pressure,6.9,Basic phone,Stable,6.6,1.5,4.4,7.6,2.7,Maybe,,Some,47.7,15.3,11.7,19.8,7.2,8.8,11.4
NEPS-TAN-0106,18,4.5,0.2,4.9,Hostile,Multiple,Sometimes,Employment,9.9,8.9,Yes,5,Mild,6.2,Financial need,9.2,Smartphone,Highly unstable,2.0,6.3,2.9,7.9,15.7,Maybe,,Good,62.2,11.8,19.8,7.3,5.1,10.3,19.6
NEPS-TAN-0106,24,9.0,0.2,3.2,Supportive,,Rarely,Employment,2.6,10.0,No,1,Moderate,7.5,Financial need,6.6,Shared,Highly unstable,0.3,8.7,9.3,0.1,11.5,Maybe,,Good,90.5,7.6,0.7,13.4,13.9,6.7,16.1
NEPS-TAN-0107,6,8.5,7.8,4.1,Neutral,Verbal,Sometimes,Employment,5.5,4.9,No,2,Severe,9.2,,8.1,Shared,Highly unstable,9.0,0.2,1.3,7.6,4.9,Yes,Religious,Good,15.4,16.0,15.6,17.3,0.2,0.3,16.1
NEPS-TAN-0107,12,8.7,6.2,1.6,Hostile,Cyber,Sometimes,University,6.1,0.6,Yes,6,,1.9,,0.0,Basic phone,Stable,0.5,0.8,3.2,5.3,9.5,Yes,,,70.6,9.4,14.6,11.8,17.2,8.9,10.2
NEPS-TAN-0107,18,0.8,9.7,2.6,Hostile,Multiple,Rarely,University,7.0,0.8,Yes,10,Mild,1.6,Self pressure,6.0,Shared,Stable,4.3,8.2,7.4,5.3,13.1,No,Religious,Some,75.4,1.3,1.3,6.9,14.7,12.4,16.4
NEPS-TAN-0107,24,0.8,7.6,7.2,Supportive,,Sometimes,Employment,7.0,6.1,Yes,18,Moderate,7.3,Self pressure,4.5,,Some instability,5.0,7.6,3.1,10.0,3.8,No,Informal,Good,69.1,8.2,17.6,6.5,15.9,18.9,8.1
NEPS-TAN-0108,6,8.7,4.6,1.5,Hostile,Cyber,Often,University,8.7,7.9,No,20,Mild,4.0,,4.3,Basic phone,Stable,5.9,1.8,0.9,3.9,3.0,Maybe,Informal,Good,49.7,3.2,16.6,17.1,5.6,3.8,12.1
NEPS-TAN-0108,12,5.0,4.4,8.5,Neutral,,Sometimes,University,0.7,3.2,No,19,Moderate,1.4,Financial need,8.0,,Some instability,0.1,3.1,1.6,6.3,13.7,Maybe,Professional,,12.9,5.6,14.5,16.1,17.3,7.4,19.4
NEPS-TAN-0108,18,0.6,4.5,4.2,Supportive,Physical,Rarely,Employment,6.3,9.0,No,8,Moderate,5.8,Self pressure,7.0,Basic phone,Some instability,7.8,5.7,9.1,7.1,12.2,Yes,,,47.0,0.4,10.2,1.9,15.0,12.5,1.6
NEPS-TAN-0108,24,4.9,6.0,8.9,Hostile,Physical,Never,Undecided,3.9,1.9,No,4,Moderate,8.5,,4.7,Basic phone,Highly unstable,0.0,3.6,6.2,5.6,15.7,Maybe,,Some,60.5,10.7,16.5,12.9,19.2,12.0,2.4
NEPS-TAN-0109,6,7.3,7.4,1.9,Hostile,Physical,Rarely,Undecided,4.2,8.2,Yes,9,Moderate,2.0,Self pressure,0.3,,Stable,3.7,7.8,9.9,4.5,7.6,Yes,,Some,10.8,5.5,5.5,14.1,9.1,3.3,2.6
NEPS-TAN-0109,12,9.6,1.2,8.7,Hostile,Cyber,Sometimes,Vocational,3.2,7.2,Don't know,0,Severe,6.5,Financial need,1.8,Smartphone,Highly unstable,2.8,5.7,5.7,8.8,1.1,No,Informal,Some,6.4,1.4,3.0,10.5,18.8,4.7,15.1
NEPS-TAN-0109,18,9.7,3.4,4.1,Supportive,Cyber,Often,University,5.2,6.4,No,4,,8.1,Financial need,1.6,Shared,Stable,2.4,6.4,5.6,0.5,16.9,Yes,,Good,4.2,15.2,19.0,19.1,2.8,6.4,7.8
NEPS-TAN-0109,24,6.3,4.0,5.1,Neutral,Cyber,Never,Undecided,5.5,0.4,Don't know,1,Mild,2.3,Financial need,0.1,Smartphone,Highly unstable,8.8,5.1,8.3,4.0,3.0,Yes,Religious,Some,55.6,10.2,3.2,4.0,12.2,6.7,6.5
NEPS-TAN-0110,6,2.6,1.2,2.9,Supportive,Cyber,Often,Vocational,1.8,0.4,Yes,6,Mild,7.6,Self pressure,8.3,Basic phone,Highly unstable,8.2,3.6,0.5,6.3,11.3,Maybe,Informal,,2.4,0.2,16.6,17.2,4.1,18.9,7.8
NEPS-TAN-0110,12,3.3,9.8,6.0,Supportive,Cyber,Often,Employment,8.0,6.7,Yes,2,,8.8,,6.2,Smartphone,Some instability,9.3,3.0,3.8,5.7,3.2,Yes,Religious,Good,64.6,19.4,14.8,7.5,5.6,13.1,5.9
NEPS-TAN-0110,18,0.3,1.2,1.4,Neutral,Verbal,Never,University,8.8,9.3,Yes,0,,0.9,Family expects,4.6,Shared,Some instability,0.2,5.6,0.6,6.9,4.3,Maybe,,Good,3.7,8.6,9.3,3.5,0.3,17.9,13.1
NEPS-TAN-0110,24,9.6,8.8,7.1,Hostile,Cyber,Rarely,Employment,0.2,2.7,Yes,7,Severe,8.1,,8.7,,Highly unstable,9.5,4.9,2.3,8.5,0.9,Maybe,Professional,,36.7,16.4,10.9,7.5,18.0,14.5,10.8
NEPS-TAN-0111,6,3.2,6.4,4.1,Hostile,Cyber,Sometimes,Undecided,9.8,7.7,Yes,15,Severe,3.6,Financial need,0.9,Shared,Stable,3.3,3.6,4.7,7.5,17.2,Yes,Professional,Some,50.6,17.2,12.5,12.0,10.8,16.6,3.2
NEPS-TAN-0111,12,8.0,1.4,8.2,Supportive,Cyber,Never,Undecided,8.8,9.9,Don't know,1,,5.8,Self pressure,9.3,Basic phone,Highly unstable,2.3,7.1,3.3,1.2,14.6,Maybe,,,65.7,7.9,11.5,15.0,13.8,19.8,4.5
NEPS-TAN-0111,18,6.4,1.6,6.9,Supportive,,Never,Undecided,1.4,0.7,No,7,Severe,3.0,Family expects,5.4,Smartphone,Stable,0.2,0.3,1.2,1.9,15.5,Yes,Professional,Some,45.3,2.4,18.9,13.2,0.2,12.0,6.9
NEPS-TAN-0111,24,3.7,3.0,6.2,Neutral,Multiple,Never,Undecided,9.8,5.0,No,0,Moderate,7.0,Financial need,7.5,Smartphone,Some instability,6.9,6.2,3.5,9.7,9.8,Yes,,Good,96.3,15.2,1.7,5.0,1.8,4.9,16.6
NEPS-TAN-0112,6,6.3,0.9,3.8,Neutral,Verbal,Often,University,3.2,5.5,Don't know,14,Mild,6.1,,0.1,Basic phone,Highly unstable,8.6,7.8,9.4,4.4,10.0,Maybe,Religious,,56.5,16.0,10.7,14.5,5.1,2.4,10.3
NEPS-TAN-0112,12,1.7,4.5,8.5,Supportive,Physical,Sometimes,Undecided,1.1,1.5,Yes,6,Severe,4.9,,3.9,Basic phone,Some instability,0.4,1.8,3.4,6.8,16.9,Yes,,,94.8,2.3,3.3,2.6,19.6,12.1,0.5
NEPS-TAN-0112,18,5.0,7.9,4.3,Hostile,Multiple,Sometimes,University,4.2,0.3,No,17,Severe,0.7,,2.6,Shared,Some instability,4.0,9.2,9.1,8.8,2.4,Yes,Professional,,18.7,3.9,13.2,10.9,11.1,9.6,19.4
NEPS-TAN-0112,24,6.6,5.8,1.2,Supportive,Verbal,Rarely,Vocational,3.0,7.5,No,0,Moderate,0.6,,1.1,Shared,Highly unstable,5.3,3.0,8.1,3.2,4.9,Maybe,Informal,Good,66.4,9.6,4.3,3.4,11.1,12.5,17.2
NEPS-TAN-0113,6,0.7,6.7,8.6,Supportive,,Often,University,5.7,2.5,No,20,Moderate,9.4,Self pressure,4.1,,Stable,8.7,7.8,0.3,6.7,18.6,Maybe,,,83.6,4.5,18.2,9.6,19.0,10.2,8.1
NEPS-TAN-0113,12,8.7,6.4,2.4,Hostile,Physical,Often,University,4.3,0.3,Yes,17,,7.0,Family expects,7.7,Smartphone,Some instability,2.8,2.8,6.5,9.9,6.8,No,Religious,Some,85.5,9.4,9.8,15.1,16.8,11.8,11.2
NEPS-TAN-0113,18,6.8,6.0,7.9,Supportive,Cyber,Sometimes,University,6.9,9.8,Don't know,16,,2.5,Self pressure,9.3,Shared,Highly unstable,5.1,3.1,9.1,9.1,11.3,Maybe,Religious,Good,82.6,10.4,8.2,5.3,8.5,13.2,15.4
NEPS-TAN-0113,24,8.9,1.4,7.7,Neutral,Verbal,Sometimes,Employment,2.0,4.6,Don't know,5,,7.2,Self pressure,6.4,Basic phone,Highly unstable,7.9,8.3,1.8,6.5,9.9,Yes,,Some,71.7,18.6,9.2,6.8,5.1,1.4,2.5
NEPS-TAN-0114,6,3.8,5.5,3.9,Supportive,Verbal,Sometimes,Undecided,4.5,9.9,Don't know,8,Severe,2.0,,9.8,,Highly unstable,1.1,4.4,3.1,1.4,2.5,Yes,Professional,Good,27.7,11.0,5.4,15.7,18.5,13.7,4.1
NEPS-TAN-0114,12,8.9,5.7,0.1,Neutral,Multiple,Sometimes,Employment,4.3,2.3,Don't know,19,Moderate,9.3,Self pressure,8.4,Basic phone,Stable,5.5,3.2,2.2,8.1,16.5,Yes,Professional,Good,9.1,14.8,19.6,5.4,9.7,1.9,16.9
NEPS-TAN-0114,18,2.2,4.6,1.7,Supportive,Verbal,Sometimes,University,0.0,6.7,No,18,Severe,4.5,Family expects,1.0,Smartphone,Some instability,7.1,4.4,7.4,3.8,12.3,Maybe,Professional,,76.5,4.1,13.5,8.7,17.5,6.8,0.4
NEPS-TAN-0114,24,5.1,3.9,4.4,Supportive,Physical,Rarely,University,6.0,7.0,No,5,Severe,2.1,Self pressure,3.5,Shared,Stable,7.1,9.0,3.8,8.8,19.2,No,Informal,,69.8,9.0,16.0,7.8,6.9,7.6,9.8
NEPS-TAN-0115,6,7.2,9.1,0.9,Neutral,Physical,Rarely,Employment,3.7,10.0,No,5,Mild,2.2,Family expects,8.5,,Some instability,0.5,2.3,7.1,1.6,12.3,No,Professional,Some,7.9,18.6,9.1,5.9,17.2,5.6,18.3
NEPS-TAN-0115,12,2.3,3.1,5.2,Supportive,,Never,Vocational,2.9,4.7,No,5,Mild,0.2,Family expects,6.0,Smartphone,Stable,7.7,2.7,7.8,5.3,15.6,No,Religious,,17.9,10.7,3.7,15.7,6.5,3.4,5.4
NEPS-TAN-0115,18,8.1,5.0,8.9,Neutral,Verbal,Rarely,University,4.7,8.5,Yes,19,Moderate,5.7,Self pressure,4.6,,Stable,7.1,7.1,1.6,6.1,0.8,Maybe,Informal,Good,28.7,10.6,9.8,15.1,11.0,14.5,17.8
NEPS-TAN-0115,24,4.7,6.5,5.2,Hostile,Multiple,Often,Employment,5.2,4.1,Don't know,15,Mild,8.0,Family expects,0.7,Shared,Some instability,1.2,9.0,3.8,3.0,0.5,Maybe,Informal,Good,21.6,15.5,15.0,9.0,11.8,15.2,2.8
NEPS-TAN-0116,6,7.9,4.0,1.4,Supportive,Cyber,Sometimes,Undecided,4.0,7.1,No,6,Severe,1.3,,2.5,Basic phone,Highly unstable,9.2,3.0,0.5,4.7,7.7,No,,Good,59.8,7.1,10.3,9.5,18.7,17.4,9.6
NEPS-TAN-0116,12,3.5,1.9,9.2,Supportive,,Never,Vocational,7.4,5.6,Yes,0,Mild,6.3,Self pressure,0.2,,Some instability,8.0,4.6,6.2,2.8,1.0,No,Professional,Some,75.8,8.7,10.3,13.3,11.0,15.0,10.1
NEPS-TAN-0116,18,10.0,1.5,8.2,Neutral,Cyber,Sometimes,Vocational,1.4,9.1,Yes,19,Severe,2.8,Family expects,0.4,Shared,Stable,9.5,1.9,5.7,4.2,16.5,Yes,,,56.8,19.8,4.2,19.8,3.3,0.7,14.5
NEPS-TAN-0116,24,7.9,2.2,9.2,Supportive,Cyber,Never,University,6.7,8.1,No,19,Moderate,8.5,Self pressure,5.8,Shared,Highly unstable,6.6,5.3,6.7,8.4,11.8,No,Religious,,77.8,4.9,16.3,8.7,5.4,18.8,6.0
NEPS-TAN-0117,6,9.7,9.9,0.5,Hostile,Physical,Sometimes,University,8.2,5.6,Yes,7,Severe,9.1,,7.0,Shared,Some instability,7.4,4.2,3.3,0.8,3.2,Maybe,Professional,Some,92.6,1.1,8.1,8.6,8.3,19.6,6.7
NEPS-TAN-0117,12,3.7,3.1,4.9,Neutral,Cyber,Rarely,Undecided,4.3,2.4,Yes,19,Mild,3.4,Self pressure,5.9,Smartphone,Stable,0.8,8.0,0.1,5.4,9.9,Yes,Informal,Good,0.2,3.6,2.7,19.7,7.3,13.7,16.5
NEPS-TAN-0117,18,3.6,5.7,0.4,Neutral,Physical,Never,University,10.0,0.8,Yes,19,,8.2,Family expects,7.9,,Some instability,1.1,5.9,6.2,5.3,16.6,Maybe,Informal,Good,46.2,17.0,3.1,15.5,10.3,9.9,4.5
NEPS-TAN-0117,24,2.8,3.9,3.4,Supportive,Cyber,Often,Employment,9.5,3.1,Don't know,12,Severe,8.1,Family expects,7.9,Shared,Highly unstable,3.3,2.4,1.5,1.6,1.6,No,Professional,Good,10.8,9.0,3.0,1.5,15.4,13.8,11.6
NEPS-TAN-0118,6,7.2,4.4,1.2,Hostile,Multiple,Sometimes,Vocational,9.0,6.6,No,5,Severe,1.9,,0.5,Shared,Some instability,1.9,5.0,6.6,4.0,14.2,Maybe,,Good,81.6,14.9,14.1,13.2,19.2,15.0,17.4
NEPS-TAN-0118,12,1.8,8.7,1.6,Neutral,Cyber,Never,Undecided,8.8,3.3,Yes,4,Mild,5.1,Financial need,9.6,Basic phone,Highly unstable,1.8,0.4,0.1,3.6,6.9,No,Religious,Some,0.3,9.7,16.5,10.0,4.2,6.7,13.2
NEPS-TAN-0118,18,7.4,5.0,5.3,Hostile,Multiple,Rarely,Undecided,7.7,7.3,Yes,14,Moderate,5.4,Financial need,0.4,Shared,Stable,4.1,6.3,7.9,4.7,17.6,Maybe,Informal,Some,83.5,4.5,5.3,17.8,17.0,16.3,13.4
NEPS-TAN-0118,24,5.8,3.9,0.0,Supportive,,Rarely,Undecided,2.4,0.0,Yes,2,Moderate,5.4,Financial need,0.2,Shared,Highly unstable,6.6,5.0,5.8,5.3,11.0,Yes,Informal,Some,56.1,6.6,10.9,4.0,13.7,1.6,12.9
NEPS-TAN-0119,6,9.5,0.2,1.3,Hostile,Physical,Rarely,Employment,6.7,4.2,No,6,Mild,3.6,Self pressure,3.1,Smartphone,Stable,9.8,8.7,8.5,0.0,4.8,Maybe,Informal,Good,76.5,6.8,10.0,16.7,10.7,10.2,9.6
NEPS-TAN-0119,12,6.1,7.9,3.6,Supportive,Physical,Rarely,Undecided,8.1,5.5,No,0,,9.9,Family expects,1.5,Basic phone,Highly unstable,8.2,5.3,4.8,9.2,12.6,Yes,Religious,Some,79.3,8.6,16.1,15.5,8.0,3.4,12.4
NEPS-TAN-0119,18,4.8,5.9,7.0,Hostile,Verbal,Often,Undecided,3.9,6.4,Yes,1,,4.5,,5.7,Smartphone,Highly unstable,9.3,6.5,4.2,8.4,19.4,Maybe,Professional,Good,84.3,11.9,11.2,2.3,2.7,9.9,19.9
NEPS-TAN-0119,24,7.3,3.4,6.2,Supportive,Physical,Rarely,Employment,5.4,4.3,Yes,3,,9.4,Family expects,7.0,,Stable,2.8,8.5,9.8,9.8,7.3,Maybe,Religious,,30.0,0.5,19.6,6.6,14.2,17.4,18.6
NEPS-TAN-0120,6,6.0,8.5,3.6,Supportive,Physical,Sometimes,Employment,8.9,1.8,Yes,18,,2.3,Self pressure,3.1,Smartphone,Highly unstable,5.5,5.8,6.9,3.0,11.0,Maybe,Professional,Some,75.2,0.8,18.4,8.4,13.2,5.4,1.0
NEPS-TAN-0120,12,0.7,9.5,5.9,Supportive,Cyber,Never,Undecided,8.1,4.1,Yes,8,Mild,5.9,Family expects,0.8,Basic phone,Stable,6.5,5.7,8.7,6.3,0.3,Yes,Informal,Good,73.8,16.4,13.6,4.8,8.2,13.6,17.5
NEPS-TAN-0120,18,5.8,7.3,8.4,Neutral,Multiple,Rarely,University,4.3,6.1,No,6,Moderate,3.4,Financial need,9.7,,Highly unstable,2.9,2.5,8.6,1.2,8.4,No,,Good,97.8,8.1,3.8,5.1,2.6,3.7,12.8
NEPS-TAN-0120,24,1.2,6.7,1.3,Supportive,Verbal,Rarely,University,7.3,6.8,Yes,6,Moderate,9.6,,6.5,Smartphone,Highly unstable,0.1,1.1,2.1,1.4,14.5,Yes,Religious,Some,97.7,7.6,10.4,5.5,13.3,17.2,2.9
NEPS-TAN-0121,6,3.9,1.9,6.7,Hostile,Verbal,Often,Undecided,9.5,4.4,No,0,Severe,4.6,,7.8,Smartphone,Highly unstable,4.6,2.9,4.1,8.8,2.8,Maybe,Informal,Some,76.9,9.5,15.3,1.3,9.1,6.1,4.5
NEPS-TAN-0121,12,2.0,8.6,8.4,Neutral,Physical,Rarely,Undecided,2.2,9.0,Yes,7,Severe,3.8,Family expects,1.1,Shared,Highly unstable,2.5,1.0,8.6,5.2,6.2,Maybe,Professional,Good,56.7,17.7,4.8,5.7,16.2,15.2,13.4
NEPS-TAN-0121,18,5.6,6.1,8.0,Hostile,Verbal,Often,University,1.5,0.2,Don't know,17,Severe,5.7,,4.8,Basic phone,Stable,7.3,7.2,4.2,7.0,5.4,Yes,,,84.2,12.0,11.3,1.9,9.4,3.9,4.9
NEPS-TAN-0121,24,0.5,3.4,4.7,Supportive,Multiple,Sometimes,Undecided,2.3,9.6,Yes,2,,5.7,Family expects,2.3,Smartphone,Stable,4.7,5.3,7.4,1.0,19.8,No,,,13.6,14.8,4.4,1.9,5.1,18.4,8.2
NEPS-TAN-0122,6,9.9,6.4,8.9,Supportive,,Sometimes,Vocational,6.1,0.9,No,19,Mild,0.4,Self pressure,5.4,Smartphone,Some instability,8.2,2.2,4.1,3.3,1.8,No,Informal,,27.8,8.5,7.0,7.1,9.0,13.9,0.5
NEPS-TAN-0122,12,1.0,6.3,0.2,Neutral,Verbal,Rarely,Vocational,2.3,0.5,Yes,6,Mild,2.0,Self pressure,4.6,,Stable,6.2,0.3,7.3,7.2,7.3,Maybe,,Good,68.8,16.7,3.2,7.6,3.4,0.7,3.5
NEPS-TAN-0122,18,8.4,4.2,0.8,Supportive,Verbal,Never,Vocational,4.2,4.3,Don't know,5,Moderate,7.1,Self pressure,8.9,Basic phone,Highly unstable,5.3,5.7,9.5,4.2,12.2,Maybe,Religious,Some,26.0,4.3,14.7,15.4,0.4,8.1,7.5
NEPS-TAN-0122,24,5.4,9.3,8.7,Supportive,Verbal,Never,Vocational,7.4,5.3,Yes,17,Severe,3.9,Family expects,0.5,Basic phone,Highly unstable,8.8,8.0,2.4,0.5,17.2,No,Professional,Good,53.9,1.7,10.5,1.9,5.2,11.0,16.6
NEPS-TAN-0123,6,0.4,4.9,8.4,Supportive,Verbal,Never,Vocational,6.2,0.7,Don't know,20,,7.4,Self pressure,4.6,Shared,Some instability,0.3,7.7,7.8,7.8,13.8,No,Professional,Good,32.2,15.2,16.2,11.7,1.7,3.8,19.1
NEPS-TAN-0123,12,1.0,7.8,5.4,Neutral,,Never,Vocational,9.9,3.1,Don't know,3,Moderate,7.5,Self pressure,1.6,Basic phone,Highly unstable,6.7,5.4,2.9,5.2,15.4,Yes,Informal,Some,50.1,15.8,6.3,9.4,10.1,9.3,0.9
NEPS-TAN-0123,18,0.5,6.6,8.9,Neutral,Physical,Sometimes,University,3.6,5.2,Don't know,4,Severe,3.8,,2.4,Basic phone,Some instability,5.1,9.9,3.7,0.5,6.2,Yes,,,4.2,14.3,12.5,1.1,4.2,8.2,17.1
NEPS-TAN-0123,24,5.6,6.2,7.9,Supportive,Multiple,Rarely,Vocational,0.6,2.7,Yes,3,Severe,2.5,,8.9,Smartphone,Some instability,6.3,2.6,8.6,1.8,19.0,Maybe,Informal,,19.4,14.4,3.8,13.0,8.0,4.8,13.5
NEPS-TAN-0124,6,1.4,4.0,6.8,Hostile,Verbal,Sometimes,Undecided,3.0,0.2,No,4,Moderate,7.2,Financial need,2.1,Shared,Some instability,0.8,8.7,8.2,2.9,19.6,Maybe,Informal,Some,94.6,7.5,5.8,17.5,3.7,15.8,14.4
NEPS-TAN-0124,12,3.7,5.4,1.9,Supportive,,Never,Undecided,3.8,4.1,No,9,,7.7,,3.7,Basic phone,Some instability,3.3,9.7,4.7,8.3,1.2,No,Religious,Good,29.0,12.8,19.9,5.8,4.1,4.3,19.4
NEPS-TAN-0124,18,8.2,1.9,5.3,Hostile,Physical,Never,Undecided,7.3,8.1,Yes,2,,7.1,Financial need,5.3,Smartphone,Highly unstable,0.5,9.8,2.4,0.9,13.6,Maybe,Informal,Good,40.5,6.5,4.5,17.6,17.1,14.5,19.1
NEPS-TAN-0124,24,9.2,6.1,5.0,Neutral,Cyber,Never,Undecided,9.6,8.6,Don't know,16,,0.1,Family expects,2.1,Smartphone,Stable,5.9,3.3,4.2,5.5,16.8,No,Professional,Good,68.8,6.7,12.7,9.9,14.6,16.5,11.9
NEPS-TAN-0125,6,9.6,9.1,9.2,Hostile,Verbal,Often,Employment,6.1,3.5,Yes,2,Moderate,6.0,,8.7,Shared,Stable,5.4,2.3,4.0,4.8,16.8,No,Informal,Some,19.5,16.3,3.2,4.3,12.0,3.0,4.8
NEPS-TAN-0125,12,2.8,3.4,0.8,Neutral,,Sometimes,Vocational,5.2,4.1,Don't know,1,Moderate,6.3,Self pressure,2.4,,Some instability,4.4,7.9,0.5,6.9,2.3,Yes,,Good,93.9,18.9,17.5,1.1,17.7,7.2,8.0
NEPS-TAN-0125,18,6.1,8.2,7.6,Neutral,Verbal,Often,University,3.2,7.5,Yes,5,Mild,2.5,Self pressure,3.6,,Highly unstable,5.5,4.4,1.1,6.3,9.7,No,Informal,,21.1,10.5,5.3,15.0,0.8,4.8,17.9
NEPS-TAN-0125,24,0.0,5.3,4.5,Supportive,Physical,Sometimes,Vocational,4.8,6.7,Don't know,16,Mild,4.1,Family expects,2.3,Shared,Highly unstable,7.2,0.5,6.7,4.5,13.9,No,Professional,,36.8,11.3,14.2,16.1,5.7,3.6,0.3
NEPS-TAN-0126,6,10.0,9.9,5.8,Supportive,Cyber,Often,Undecided,8.7,6.6,Don't know,20,Severe,0.9,Self pressure,1.5,Shared,Highly unstable,3.8,9.5,2.5,3.3,2.1,Yes,Religious,,61.9,19.5,3.9,3.5,3.8,3.7,15.6
NEPS-TAN-0126,12,8.2,2.9,1.4,Neutral,Cyber,Never,Undecided,6.2,0.2,Don't know,15,Mild,4.0,,4.6,,Stable,6.4,1.7,2.2,5.6,19.9,Yes,Informal,Some,67.0,12.0,7.2,4.9,19.0,2.8,17.9
NEPS-TAN-0126,18,7.6,8.4,9.8,Supportive,Physical,Often,University,9.8,9.0,Don't know,19,Severe,3.4,Family expects,4.1,Shared,Highly unstable,6.8,4.3,2.7,7.8,7.6,Maybe,Religious,Some,63.0,18.5,4.3,11.2,16.2,2.0,16.6
NEPS-TAN-0126,24,8.8,7.7,8.1,Neutral,Multiple,Sometimes,University,2.5,1.9,No,12,Mild,2.4,Self pressure,8.5,Shared,Highly unstable,9.0,8.5,8.3,1.6,15.0,Yes,Professional,,85.2,8.7,7.8,17.7,1.3,1.1,16.7
NEPS-TAN-0127,6,7.6,5.0,0.8,Hostile,Verbal,Sometimes,University,0.5,0.7,Don't know,1,Moderate,0.8,,8.6,Shared,Stable,4.5,7.7,8.6,5.2,17.4,Maybe,,,14.4,14.6,4.4,5.6,0.3,9.9,8.9
NEPS-TAN-0127,12,2.8,1.6,7.1,Neutral,Verbal,Often,Undecided,6.7,6.0,No,0,,7.5,Financial need,7.2,,Some instability,9.2,9.8,5.7,9.3,1.3,Maybe,Professional,Some,93.7,13.5,5.3,19.4,4.0,9.1,1.8
NEPS-TAN-0127,18,1.3,9.3,3.6,Supportive,Verbal,Sometimes,Undecided,1.1,5.4,Yes,14,,2.0,Family expects,6.8,Smartphone,Highly unstable,1.6,3.8,2.2,4.2,16.5,No,Religious,Good,46.8,10.9,19.5,7.5,3.8,8.9,17.8
NEPS-TAN-0127,24,5.5,3.1,5.9,Hostile,Verbal,Sometimes,University,1.4,4.0,Don't know,1,,4.3,Self pressure,9.9,Basic phone,Some instability,2.0,2.5,1.0,4.7,2.2,Yes,,,79.1,13.3,3.4,3.7,0.3,3.2,1.8
NEPS-TAN-0128,6,4.9,8.2,5.4,Supportive,,Rarely,Employment,5.2,9.7,Yes,18,Moderate,7.3,Financial need,7.8,,Stable,7.6,8.7,2.3,8.2,4.9,Yes,Informal,,68.2,6.4,0.6,4.6,15.0,19.2,0.5
NEPS-TAN-0128,12,7.9,5.9,7.2,Neutral,Cyber,Never,Undecided,4.8,0.6,No,7,Severe,5.2,Family expects,8.6,Smartphone,Some instability,7.6,3.8,1.4,6.6,3.4,Yes,Religious,Some,67.4,1.7,7.9,17.5,7.3,15.5,10.8
NEPS-TAN-0128,18,4.5,1.0,2.6,Hostile,Verbal,Never,Vocational,0.7,5.7,No,18,Severe,9.7,,5.6,Shared,Stable,4.3,6.1,2.9,5.5,0.3,Yes,Informal,Good,85.1,16.0,19.0,13.8,4.6,16.8,8.7
NEPS-TAN-0128,24,7.2,7.2,2.5,Neutral,Verbal,Sometimes,Employment,8.5,6.1,Don't know,20,,6.5,Self pressure,3.5,,Stable,7.0,4.4,3.6,1.8,17.9,Maybe,,Some,47.8,10.8,19.4,3.7,18.7,9.0,7.6
NEPS-TAN-0129,6,0.8,6.1,7.2,Hostile,Cyber,Often,Undecided,3.8,1.5,Don't know,18,Severe,5.1,Family expects,8.4,Basic phone,Some instability,5.2,2.0,9.9,0.4,12.9,Maybe,Professional,Some,64.4,13.6,15.8,7.4,13.9,17.7,13.3
NEPS-TAN-0129,12,8.7,7.6,3.9,Hostile,Multiple,Sometimes,Undecided,5.7,0.3,Yes,5,Moderate,9.0,Family expects,7.8,Shared,Some instability,2.7,1.8,5.2,4.6,7.9,Yes,Religious,,29.4,12.8,12.7,2.7,10.7,11.5,5.4
NEPS-TAN-0129,18,3.9,8.7,8.7,Supportive,Multiple,Never,Employment,4.0,2.6,Don't know,10,Mild,5.3,Self pressure,7.2,,Stable,9.1,3.4,1.7,5.8,8.1,No,Informal,,22.2,10.6,15.6,7.4,4.5,19.8,10.1
NEPS-TAN-0129,24,5.6,3.9,3.7,Hostile,Cyber,Sometimes,Undecided,9.5,5.6,Yes,19,Moderate,7.6,Self pressure,8.2,Basic phone,Stable,1.9,6.3,1.2,6.8,10.2,No,Professional,Good,91.4,12.0,3.3,4.0,16.7,6.7,4.7
NEPS-TAN-0130,6,7.9,0.9,3.6,Neutral,Physical,Never,Employment,2.9,1.1,No,6,,2.2,Family expects,3.7,Basic phone,Some instability,4.8,8.5,5.2,2.4,8.5,Maybe,Professional,Good,96.0,5.3,16.9,13.9,12.9,2.2,19.0
NEPS-TAN-0130,12,7.9,0.4,3.5,Neutral,Cyber,Never,Undecided,5.6,6.1,Yes,15,,2.7,Family expects,2.4,Shared,Some instability,1.6,1.4,3.3,8.1,16.2,Maybe,,Good,95.6,17.3,11.7,8.3,15.1,10.8,5.6
NEPS-TAN-0130,18,8.6,1.4,7.1,Hostile,Physical,Sometimes,Employment,7.3,4.2,No,10,Moderate,1.8,Family expects,3.0,Smartphone,Stable,8.1,4.3,3.3,1.4,17.0,Yes,Professional,Good,80.2,7.5,4.6,12.9,4.6,19.2,2.6
NEPS-TAN-0130,24,8.8,8.8,8.3,Neutral,Physical,Never,Vocational,0.1,3.4,Yes,16,Mild,6.3,Financial need,5.6,Basic phone,Highly unstable,1.0,3.0,8.5,5.2,7.7,No,,Good,50.0,17.0,19.8,4.4,9.0,12.7,8.8
NEPS-TAN-0131,6,9.5,6.4,1.5,Supportive,Verbal,Sometimes,Vocational,9.2,2.9,Yes,16,Mild,8.1,Family expects,7.1,Smartphone,Highly unstable,1.3,8.4,1.3,6.1,17.6,No,Professional,,30.5,1.9,7.5,0.2,1.8,4.9,5.2
NEPS-TAN-0131,12,1.6,7.2,4.6,Supportive,Multiple,Rarely,Undecided,4.0,7.1,Don't know,14,Mild,7.9,Self pressure,4.8,Shared,Some instability,7.5,3.6,6.3,4.8,7.6,No,Professional,Some,14.2,1.8,16.3,17.1,14.8,7.6,13.2
NEPS-TAN-0131,18,2.4,1.0,0.5,Supportive,Cyber,Never,Undecided,1.8,4.6,Yes,6,Severe,7.9,Family expects,9.3,Basic phone,Stable,3.3,1.7,5.8,5.7,12.3,No,,Good,95.5,14.7,16.0,13.1,11.7,12.8,4.7
NEPS-TAN-0131,24,5.5,2.4,1.7,Hostile,Physical,Rarely,Vocational,3.2,9.4,No,13,,4.9,Financial need,7.4,,Stable,1.6,3.9,2.5,0.2,6.7,Maybe,,,71.5,2.3,17.9,12.1,17.0,11.6,0.1
NEPS-TAN-0132,6,5.7,4.4,1.6,Neutral,Verbal,Often,Undecided,7.2,2.1,Don't know,10,Mild,5.8,Family expects,1.3,Smartphone,Highly unstable,7.5,1.0,7.9,4.0,15.8,Yes,Informal,Good,3.8,0.9,15.2,9.8,16.2,13.7,9.3
NEPS-TAN-0132,12,5.0,8.6,4.4,Hostile,Verbal,Sometimes,Employment,1.8,6.4,No,1,,2.0,Self pressure,9.8,Basic phone,Some instability,6.5,8.1,8.6,5.7,2.2,Yes,Religious,Good,95.4,17.4,11.4,18.6,1.9,15.6,12.9
NEPS-TAN-0132,18,1.7,9.3,9.4,Hostile,Physical,Never,University,3.0,4.8,Don't know,16,Mild,0.6,Family expects,9.1,,Some instability,0.8,6.9,5.0,6.1,2.3,Maybe,Professional,,15.1,3.0,4.1,2.4,13.7,14.0,9.2
NEPS-TAN-0132,24,4.7,6.6,0.5,Hostile,,Never,University,3.8,1.0,Yes,1,,6.2,,4.5,Shared,Highly unstable,7.4,5.3,4.4,2.5,18.5,No,Informal,Good,29.4,3.8,7.6,4.2,0.3,3.6,13.0
NEPS-TAN-0133,6,6.7,3.0,5.2,Supportive,Physical,Rarely,University,0.9,0.2,Don't know,12,Mild,9.2,,5.8,Shared,Stable,1.5,2.9,1.3,8.4,11.8,No,Religious,Some,72.2,16.8,1.3,14.8,13.1,16.1,4.3
NEPS-TAN-0133,12,6.7,6.0,1.3,Hostile,Multiple,Often,University,7.8,2.3,No,3,Mild,2.8,Financial need,9.4,Shared,Highly unstable,3.7,3.1,9.2,2.1,0.5,Yes,Informal,Good,14.1,9.6,1.1,2.5,12.3,9.6,11.2
NEPS-TAN-0133,18,2.8,1.7,6.2,Neutral,,Often,Undecided,8.6,0.2,Yes,4,Mild,8.6,,3.4,Shared,Stable,8.3,6.8,6.4,2.2,14.2,Maybe,Professional,Good,5.9,0.3,7.3,18.1,19.1,11.3,15.4
NEPS-TAN-0133,24,4.5,4.2,7.9,Hostile,,Sometimes,Undecided,5.9,7.8,No,11,Moderate,4.3,Family expects,9.5,Shared,Some instability,8.4,1.4,8.1,4.6,0.1,Yes,Professional,Good,79.7,10.3,0.8,0.5,18.2,15.9,11.1
NEPS-TAN-0134,6,1.0,4.0,7.6,Supportive,Cyber,Rarely,Undecided,5.2,5.4,Don't know,3,Moderate,4.5,Family expects,5.9,Smartphone,Some instability,7.0,4.6,2.0,0.4,9.1,Yes,Professional,Some,71.3,6.6,19.4,16.3,5.8,19.4,19.1
NEPS-TAN-0134,12,4.9,2.0,4.0,Supportive,Verbal,Never,University,5.7,1.8,Don't know,16,Moderate,4.5,Financial need,6.0,,Stable,2.0,5.6,3.3,10.0,16.1,Yes,,Good,82.3,18.4,8.8,5.1,8.7,7.9,16.5
NEPS-TAN-0134,18,0.8,5.9,5.2,Supportive,Cyber,Never,University,0.6,2.7,No,13,,3.1,Self pressure,6.3,Smartphone,Stable,8.0,0.5,5.9,6.7,2.5,Maybe,Professional,Good,74.9,5.3,4.7,15.4,11.0,16.4,11.3
NEPS-TAN-0134,24,7.0,7.1,7.0,Hostile,,Sometimes,Vocational,6.7,7.1,No,5,,2.6,,8.1,Shared,Highly unstable,8.3,8.2,9.3,4.0,12.1,Maybe,Informal,,6.5,9.3,8.8,2.4,8.3,12.1,15.0
NEPS-TAN-0135,6,1.0,9.1,9.6,Supportive,Verbal,Often,Employment,9.5,4.9,Don't know,8,Mild,2.3,Family expects,7.6,,Stable,2.1,6.9,5.2,5.9,5.8,No,Professional,,44.6,0.3,14.2,18.2,3.3,8.6,19.8
NEPS-TAN-0135,12,6.6,0.3,4.7,Hostile,Cyber,Rarely,University,0.9,0.5,Yes,0,Moderate,1.0,,2.4,,Stable,9.0,0.8,4.4,0.2,16.7,No,Religious,,50.8,16.3,17.0,19.4,18.6,17.9,6.1
NEPS-TAN-0135,18,1.4,7.6,4.5,Neutral,Multiple,Rarely,Undecided,9.7,3.7,Yes,17,Mild,0.6,,2.6,Smartphone,Some instability,4.7,4.7,0.9,8.4,16.8,Maybe,Professional,Some,59.6,1.8,13.0,1.7,3.2,17.8,13.5
NEPS-TAN-0135,24,5.9,7.9,6.0,Neutral,Multiple,Rarely,Undecided,7.3,3.9,Don't know,15,,2.7,Self pressure,2.3,Smartphone,Some instability,9.0,0.9,5.8,1.1,8.5,Maybe,Informal,Good,48.8,13.5,16.2,11.1,4.5,14.5,7.1
NEPS-TAN-0136,6,7.8,4.6,8.0,Hostile,Cyber,Rarely,Employment,6.4,8.8,No,20,Moderate,8.4,Financial need,3.8,Basic phone,Highly unstable,2.6,6.1,0.3,4.5,6.2,Yes,,Good,15.3,6.8,7.7,3.2,18.7,11.6,4.9
NEPS-TAN-0136,12,6.3,2.8,5.5,Supportive,Multiple,Rarely,Employment,5.3,5.3,Don't know,7,,8.8,Family expects,9.9,,Some instability,1.5,9.9,5.3,6.0,1.4,Yes,Professional,Good,30.0,4.3,16.6,11.7,15.1,14.5,7.2
NEPS-TAN-0136,18,7.6,6.0,8.1,Supportive,Cyber,Never,Vocational,2.1,7.2,Yes,10,Mild,9.8,,9.2,Shared,Highly unstable,5.1,4.0,7.8,7.0,18.2,Maybe,Religious,Some,49.6,5.2,12.3,8.6,13.0,17.5,13.9
NEPS-TAN-0136,24,2.7,7.9,4.2,Supportive,Cyber,Often,University,7.7,1.3,No,19,,5.5,,8.7,,Highly unstable,1.5,2.7,4.4,4.1,17.0,Yes,Informal,Some,62.3,18.4,12.5,18.9,10.9,12.3,10.8
NEPS-TAN-0137,6,8.0,2.5,9.8,Neutral,Multiple,Often,Employment,9.3,3.8,No,2,Moderate,3.4,Self pressure,9.8,Smartphone,Stable,1.2,1.3,6.0,1.8,16.9,Maybe,Religious,Good,69.7,7.6,13.9,7.0,1.4,1.6,13.7
NEPS-TAN-0137,12,0.6,8.3,5.4,Hostile,Cyber,Rarely,Undecided,3.1,4.1,Don't know,20,Mild,1.0,Self pressure,3.3,Smartphone,Some instability,4.9,0.5,5.9,6.5,6.0,Yes,Religious,,97.1,5.0,0.9,18.4,20.0,13.6,5.5
NEPS-TAN-0137,18,9.0,8.6,6.1,Neutral,Cyber,Often,University,3.3,4.4,Yes,0,Moderate,3.1,Self pressure,4.9,,Some instability,5.4,0.3,4.5,9.5,15.4,Yes,Informal,,80.5,0.6,2.6,17.1,7.4,16.0,17.5
NEPS-TAN-0137,24,7.8,8.5,1.8,Neutral,Physical,Sometimes,University,1.1,6.3,Don't know,19,Moderate,2.3,,0.1,,Stable,8.6,1.2,1.5,1.8,15.2,Maybe,,Some,69.4,9.5,8.0,15.3,12.3,7.8,2.1
NEPS-TAN-0138,6,1.8,7.1,1.0,Neutral,Multiple,Sometimes,Undecided,9.9,0.1,Don't know,0,,4.7,Financial need,4.8,,Highly unstable,1.3,8.7,1.7,6.0,18.8,Maybe,Professional,Some,44.6,19.9,8.2,5.3,3.3,16.2,1.5
NEPS-TAN-0138,12,7.3,9.2,0.5,Hostile,Physical,Rarely,Undecided,3.4,4.3,Don't know,18,Severe,8.7,,4.6,Shared,Highly unstable,1.7,9.8,9.5,1.7,2.6,No,Informal,,32.4,5.1,15.9,19.6,5.4,0.6,18.9
NEPS-TAN-0138,18,2.5,6.5,2.9,Neutral,Physical,Rarely,Vocational,8.5,0.8,Yes,6,Mild,9.3,Financial need,2.9,,Highly unstable,9.4,7.3,9.8,4.5,18.0,Maybe,Informal,Good,66.4,12.9,13.6,3.3,3.4,3.8,16.7
NEPS-TAN-0138,24,5.4,6.9,8.2,Neutral,Physical,Never,University,8.0,0.7,No,7,,2.5,Family expects,0.3,Basic phone,Some instability,7.2,5.0,1.4,6.2,4.6,Yes,Religious,Good,3.6,18.4,14.0,12.7,2.1,1.4,17.5
NEPS-TAN-0139,6,4.4,5.1,5.1,Supportive,Cyber,Sometimes,Vocational,2.8,2.5,Don't know,11,Moderate,2.6,,8.3,Basic phone,Highly unstable,8.8,6.9,4.8,6.2,9.0,No,Professional,Good,64.2,13.0,18.2,14.5,6.4,12.9,2.5
NEPS-TAN-0139,12,5.4,9.6,5.1,Neutral,Multiple,Often,Undecided,9.9,5.3,Yes,19,,3.1,Self pressure,4.8,Basic phone,Some instability,1.0,8.4,6.8,2.5,4.7,Yes,,,25.3,5.4,18.1,16.6,13.0,11.8,3.3
NEPS-TAN-0139,18,2.4,5.7,1.0,Supportive,Multiple,Often,University,3.9,8.2,Don't know,6,Mild,5.2,,7.1,Basic phone,Stable,1.5,0.4,1.2,1.9,3.5,Yes,Professional,Good,69.2,7.7,8.7,2.3,18.2,10.2,12.6
NEPS-TAN-0139,24,6.7,5.6,8.0,Neutral,Cyber,Never,University,5.5,8.2,Yes,11,Severe,8.0,Self pressure,0.6,Basic phone,Highly unstable,2.9,3.2,2.4,9.4,11.8,Yes,,Some,42.1,15.0,17.1,12.8,3.9,6.2,17.3
NEPS-TAN-0140,6,5.9,8.3,7.9,Supportive,,Rarely,University,4.6,7.5,Yes,0,Moderate,8.2,Self pressure,9.4,,Some instability,8.3,3.3,9.0,0.5,8.7,No,,Some,26.9,1.5,18.1,7.9,7.4,17.4,14.2
NEPS-TAN-0140,12,7.0,8.9,9.4,Neutral,,Often,Employment,1.0,6.1,Don't know,8,Severe,0.4,,3.7,Basic phone,Some instability,4.2,2.0,5.5,3.8,14.5,No,,Good,38.8,9.2,0.3,4.7,8.7,11.1,18.0
NEPS-TAN-0140,18,5.7,4.7,10.0,Hostile,Cyber,Never,Employment,0.3,8.0,No,5,Moderate,4.5,,5.7,,Stable,6.9,2.4,0.2,0.9,8.6,No,Religious,Some,84.9,12.6,11.5,16.6,3.7,0.3,19.6
NEPS-TAN-0140,24,5.5,0.1,9.4,Hostile,Physical,Rarely,University,7.8,3.6,Don't know,10,,4.6,Financial need,2.9,Smartphone,Highly unstable,7.5,4.9,3.9,1.8,1.5,No,Informal,Some,9.2,14.3,8.1,2.8,5.3,3.3,12.1
NEPS-TAN-0141,6,4.8,5.1,0.7,Supportive,Physical,Sometimes,Employment,9.2,1.1,Don't know,11,Moderate,3.7,,3.2,Basic phone,Stable,8.4,1.4,8.4,3.7,16.6,No,Professional,,5.0,12.6,4.4,14.1,6.8,5.5,1.1
NEPS-TAN-0141,12,1.7,8.3,2.8,Neutral,Verbal,Rarely,Employment,8.9,8.9,No,0,,0.9,Family expects,1.6,Shared,Highly unstable,4.5,0.9,9.9,0.7,18.8,No,Religious,Good,48.1,1.2,7.0,11.2,14.0,19.0,1.8
NEPS-TAN-0141,18,5.7,9.7,6.1,Neutral,,Never,Employment,1.9,0.8,Yes,11,Mild,9.5,Financial need,0.5,Basic phone,Stable,0.4,4.6,8.1,5.9,13.6,Yes,,Some,90.6,16.6,13.1,17.5,11.5,6.2,14.2
NEPS-TAN-0141,24,7.0,2.3,6.5,Hostile,Multiple,Often,Undecided,5.9,5.7,No,11,Mild,6.0,Self pressure,9.6,Smartphone,Some instability,8.4,0.9,6.2,7.2,18.5,Maybe,Informal,Some,81.1,1.7,18.0,14.5,1.4,5.2,0.9
NEPS-TAN-0142,6,3.5,5.6,6.1,Supportive,Verbal,Never,Undecided,8.9,2.1,Don't know,11,Severe,2.6,Family expects,3.4,Basic phone,Some instability,5.3,4.1,2.7,5.5,0.8,Maybe,,Good,58.8,4.4,14.4,5.0,6.0,10.8,3.9
NEPS-TAN-0142,12,3.0,1.8,8.0,Neutral,Physical,Often,Vocational,5.4,3.3,Yes,14,Severe,9.3,,3.9,,Highly unstable,3.4,0.8,9.6,1.6,11.3,No,Professional,,3.4,18.7,18.0,6.5,0.9,12.6,6.2
NEPS-TAN-0142,18,0.3,9.9,1.0,Supportive,,Never,University,4.6,5.1,No,3,,1.4,Self pressure,7.0,,Highly unstable,3.9,6.9,1.8,6.3,8.1,No,Religious,Good,31.5,18.4,5.4,18.8,13.7,20.0,17.9
NEPS-TAN-0142,24,6.7,1.8,9.0,Hostile,Physical,Never,University,1.6,4.2,Don't know,1,,3.2,Self pressure,2.1,Basic phone,Some instability,9.7,6.5,6.9,2.6,12.7,No,Religious,Good,43.8,0.9,16.7,2.0,8.9,3.8,2.6
NEPS-TAN-0143,6,5.9,0.5,3.5,Hostile,Multiple,Sometimes,University,9.1,6.7,Yes,1,,9.8,Self pressure,9.6,Basic phone,Some instability,7.7,0.1,6.9,5.8,0.1,Maybe,Informal,Good,87.8,8.6,10.1,14.0,15.2,1.3,10.9
NEPS-TAN-0143,12,6.3,9.1,9.6,Hostile,Physical,Rarely,Employment,3.5,7.5,No,18,Moderate,1.5,Self pressure,3.9,Smartphone,Stable,4.1,4.9,9.4,0.1,0.4,No,,,5.9,10.9,14.3,9.6,0.9,13.9,4.8
NEPS-TAN-0143,18,4.8,2.7,6.8,Hostile,Verbal,Rarely,Employment,3.1,7.0,No,7,,0.0,Financial need,4.6,Basic phone,Some instability,3.3,2.2,6.3,8.3,1.5,Yes,,Some,25.5,18.0,3.7,2.1,10.7,3.7,1.2
NEPS-TAN-0143,24,1.9,9.5,7.0,Supportive,Verbal,Rarely,Employment,3.3,1.0,Yes,1,,6.4,Financial need,8.4,Smartphone,Some instability,2.4,6.4,9.6,5.6,8.3,Maybe,Informal,Good,15.1,18.1,1.8,7.9,4.4,2.7,18.6
NEPS-TAN-0144,6,2.8,6.8,9.6,Neutral,Physical,Often,Employment,8.6,8.6,Yes,5,Severe,3.1,Financial need,0.5,Basic phone,Some instability,6.7,8.8,8.0,8.8,2.8,Maybe,Religious,,18.7,5.1,19.7,17.8,13.9,2.5,18.1
NEPS-TAN-0144,12,1.1,8.0,8.4,Supportive,Multiple,Never,Vocational,1.9,7.0,Yes,3,Mild,0.7,,5.2,,Highly unstable,0.0,3.7,0.9,1.1,2.2,Maybe,Informal,,37.1,11.0,1.6,11.8,6.3,15.0,13.8
NEPS-TAN-0144,18,4.7,7.0,0.9,Hostile,Multiple,Never,University,7.5,7.7,Yes,15,Mild,0.7,Financial need,6.1,Basic phone,Highly unstable,9.1,4.8,1.7,5.1,6.6,Maybe,Professional,,9.6,10.3,3.4,15.1,3.3,1.1,11.0
NEPS-TAN-0144,24,6.2,5.4,6.3,Supportive,Verbal,Rarely,University,2.5,2.8,No,8,Mild,7.3,,0.7,Shared,Highly unstable,6.0,2.0,0.1,1.3,12.5,Yes,Informal,Good,63.4,19.6,5.5,14.3,3.0,17.0,2.6
NEPS-TAN-0145,6,4.4,3.6,9.3,Hostile,,Rarely,Employment,7.2,0.4,Yes,16,,4.2,,4.1,,Stable,0.0,9.8,0.6,7.2,11.9,Maybe,,Some,35.6,18.1,1.9,10.7,2.6,1.4,0.5
NEPS-TAN-0145,12,1.6,6.0,4.2,Hostile,,Often,Employment,3.8,6.1,Yes,18,Mild,1.2,,2.6,Shared,Stable,6.2,3.9,1.5,0.8,17.4,Yes,,Some,1.4,1.1,8.1,17.7,19.4,8.4,19.4
NEPS-TAN-0145,18,3.9,9.5,8.8,Supportive,Cyber,Rarely,Undecided,9.3,0.8,Don't know,12,Moderate,3.6,Self pressure,5.8,Shared,Some instability,6.6,4.4,4.3,9.8,13.7,No,Informal,,22.5,8.3,0.2,12.9,7.5,9.1,2.6
NEPS-TAN-0145,24,1.7,1.3,8.8,Supportive,,Sometimes,Vocational,2.6,7.9,Don't know,4,Moderate,9.4,Self pressure,2.7,Basic phone,Stable,6.8,8.5,6.4,9.5,10.7,Maybe,Professional,,62.3,8.2,12.8,14.5,18.1,14.2,13.2
NEPS-TAN-0146,6,5.7,3.8,2.2,Hostile,Physical,Rarely,Vocational,7.2,9.6,No,14,Mild,8.9,,3.6,Basic phone,Stable,2.5,9.5,9.5,0.3,13.8,Yes,Professional,,83.4,17.0,10.6,8.1,7.5,14.4,7.4
NEPS-TAN-0146,12,4.7,7.3,9.2,Hostile,Physical,Often,Employment,8.0,4.0,Don't know,8,Moderate,9.5,Self pressure,9.7,,Some instability,5.6,9.9,2.7,3.9,14.6,No,,Good,43.1,18.1,2.5,3.5,5.7,0.4,14.0
NEPS-TAN-0146,18,0.1,3.3,8.4,Hostile,Physical,Never,Employment,1.9,4.0,Yes,10,Moderate,5.8,Financial need,3.0,,Stable,1.1,9.2,0.1,8.7,5.5,Yes,Religious,,58.9,2.4,3.6,2.5,16.3,1.1,13.4
NEPS-TAN-0146,24,2.6,5.4,2.0,Supportive,Cyber,Never,Employment,7.8,8.9,Yes,1,Severe,5.7,Family expects,6.6,,Stable,1.0,9.1,9.0,0.3,12.9,No,Professional,Some,94.0,16.4,18.4,2.8,2.4,7.4,11.0
NEPS-TAN-0147,6,0.9,9.3,2.8,Supportive,Verbal,Sometimes,Employment,7.4,1.8,Don't know,14,Moderate,2.7,Financial need,0.5,,Stable,6.4,1.6,6.5,8.2,0.5,No,,Some,87.5,16.4,4.5,8.9,9.1,11.5,8.0
NEPS-TAN-0147,12,3.2,1.9,4.7,Supportive,Physical,Never,University,9.3,6.3,No,4,Severe,9.3,,0.2,Shared,Some instability,6.5,6.6,0.5,0.3,3.0,No,Informal,,12.8,6.2,6.4,13.3,18.9,2.4,0.5
NEPS-TAN-0147,18,3.0,9.7,6.9,Supportive,Verbal,Often,University,4.9,1.6,Yes,6,,2.0,Self pressure,3.5,Basic phone,Highly unstable,7.8,1.8,7.2,6.0,3.7,No,,Good,34.4,14.4,19.3,7.0,17.9,13.2,4.3
NEPS-TAN-0147,24,2.3,1.7,6.4,Neutral,Verbal,Rarely,Vocational,0.0,3.6,No,7,Moderate,2.3,Family expects,4.2,Smartphone,Highly unstable,3.5,0.3,4.0,9.1,11.0,Maybe,Professional,,18.7,12.1,15.8,2.4,10.1,3.2,17.1
NEPS-TAN-0148,6,3.8,1.0,4.9,Supportive,Cyber,Never,Employment,6.4,9.5,Don't know,7,Mild,7.1,Financial need,6.7,,Highly unstable,7.6,5.3,2.6,4.0,4.0,Maybe,Religious,Good,14.5,19.6,19.3,19.6,19.6,2.8,3.2
NEPS-TAN-0148,12,7.1,0.2,1.1,Hostile,Physical,Sometimes,Vocational,3.5,9.9,Don't know,18,Mild,7.2,Family expects,1.8,Shared,Some instability,0.6,1.8,8.9,9.9,6.8,Maybe,Professional,Some,24.2,17.9,15.8,9.6,16.0,1.3,13.0
NEPS-TAN-0148,18,5.3,2.7,6.8,Neutral,Physical,Never,Vocational,0.1,6.7,Yes,17,Moderate,7.7,Self pressure,1.5,Smartphone,Stable,7.7,1.7,6.6,5.1,5.7,Maybe,Informal,,82.8,9.5,7.3,1.3,14.6,15.8,0.9
NEPS-TAN-0148,24,3.2,5.7,8.0,Hostile,,Sometimes,University,4.3,7.2,Yes,2,Moderate,3.3,Self pressure,0.2,Smartphone,Highly unstable,7.2,5.9,2.1,3.2,10.9,Maybe,Informal,Good,47.7,0.0,2.7,5.1,8.7,3.2,0.3
NEPS-TAN-0149,6,6.2,6.5,1.0,Hostile,,Rarely,Employment,0.7,2.0,Yes,13,Severe,4.6,Financial need,4.1,,Stable,0.7,4.3,8.9,2.3,16.0,Yes,Informal,Some,65.2,13.5,0.6,19.2,13.9,19.3,10.7
NEPS-TAN-0149,12,4.8,5.4,3.5,Hostile,Verbal,Sometimes,Vocational,1.2,0.9,No,10,Moderate,1.9,Self pressure,1.8,Smartphone,Stable,0.5,1.2,0.7,8.4,15.5,Maybe,,Some,99.3,11.3,9.1,18.4,9.6,14.2,0.0
NEPS-TAN-0149,18,4.2,5.6,4.0,Neutral,Multiple,Often,Undecided,4.0,5.7,Don't know,14,Moderate,8.8,,4.2,Basic phone,Some instability,8.9,4.3,9.9,2.6,6.6,Yes,,Good,35.3,14.0,9.4,0.8,14.8,19.5,11.3
NEPS-TAN-0149,24,6.2,9.6,4.4,Supportive,Multiple,Sometimes,Vocational,5.7,3.8,No,6,,6.9,Financial need,7.2,Basic phone,Some instability,3.5,1.6,1.6,4.1,4.1,Maybe,Informal,Good,85.3,12.3,18.3,12.4,11.2,11.4,6.7
NEPS-TAN-0150,6,3.9,9.2,4.1,Neutral,Verbal,Sometimes,Employment,7.5,8.7,No,7,Moderate,7.1,,7.9,Shared,Highly unstable,1.2,5.7,6.0,2.4,12.1,No,Religious,Some,57.8,5.7,11.5,5.4,8.2,0.3,15.2
NEPS-TAN-0150,12,8.4,7.0,1.7,Supportive,,Sometimes,Undecided,1.3,7.2,Don't know,6,Moderate,1.0,Family expects,1.0,Smartphone,Highly unstable,4.5,0.6,1.7,8.6,15.2,Maybe,Religious,Some,89.9,10.4,3.9,12.6,15.7,7.4,9.5
NEPS-TAN-0150,18,5.9,8.6,1.3,Supportive,,Never,Employment,2.8,4.3,No,12,,1.5,Family expects,5.7,Smartphone,Stable,9.0,8.7,1.1,7.8,4.1,Maybe,Religious,Some,86.4,10.6,11.9,3.8,11.6,12.6,16.8
NEPS-TAN-0150,24,9.6,5.6,4.3,Supportive,Multiple,Rarely,University,2.6,3.6,No,6,Moderate,7.0,Financial need,3.9,Smartphone,Stable,2.2,5.4,3.7,8.9,5.9,Yes,Informal,Some,15.8,13.4,2.7,17.2,3.9,9.2,3.7
